-- MySQL dump 10.13  Distrib 5.6.14, for Win64 (x86_64)
--
-- Host: localhost    Database: enquete_dev
-- ------------------------------------------------------
-- Server version	5.6.14

/*!40101 SET @OLD_CHARACTER_SET_CLIENT=@@CHARACTER_SET_CLIENT */;
/*!40101 SET @OLD_CHARACTER_SET_RESULTS=@@CHARACTER_SET_RESULTS */;
/*!40101 SET @OLD_COLLATION_CONNECTION=@@COLLATION_CONNECTION */;
/*!40101 SET NAMES utf8 */;
/*!40103 SET @OLD_TIME_ZONE=@@TIME_ZONE */;
/*!40103 SET TIME_ZONE='+00:00' */;
/*!40014 SET @OLD_UNIQUE_CHECKS=@@UNIQUE_CHECKS, UNIQUE_CHECKS=0 */;
/*!40014 SET @OLD_FOREIGN_KEY_CHECKS=@@FOREIGN_KEY_CHECKS, FOREIGN_KEY_CHECKS=0 */;
/*!40101 SET @OLD_SQL_MODE=@@SQL_MODE, SQL_MODE='NO_AUTO_VALUE_ON_ZERO' */;
/*!40111 SET @OLD_SQL_NOTES=@@SQL_NOTES, SQL_NOTES=0 */;

--
-- Table structure for table `tab_desenv`
--

DROP TABLE IF EXISTS `tab_desenv`;
/*!40101 SET @saved_cs_client     = @@character_set_client */;
/*!40101 SET character_set_client = utf8 */;
CREATE TABLE `tab_desenv` (
  `nome` varchar(50) NOT NULL,
  `time` varchar(20) DEFAULT NULL,
  `senha` varchar(20) DEFAULT NULL,
  `admin` varchar(1) DEFAULT NULL,
  PRIMARY KEY (`nome`)
) ENGINE=InnoDB DEFAULT CHARSET=utf8;
/*!40101 SET character_set_client = @saved_cs_client */;

--
-- Dumping data for table `tab_desenv`
--

LOCK TABLES `tab_desenv` WRITE;
/*!40000 ALTER TABLE `tab_desenv` DISABLE KEYS */;
INSERT INTO `tab_desenv` VALUES ('Adriano','Roberto','123',NULL),('Alencar','Roberto','123','S'),('Anderson','Fernando','321',NULL),('Angelina','Produto','123',NULL),('Ariel','Fernando','123',NULL),('Carlos','Produto','111111',NULL),('Catarina','Produto','123',NULL),('Cristiano','Gerência','123',NULL),('Diego','DBA','123',NULL),('Douglas','Machado','123',NULL),('Eraldo','Roberto','123',NULL),('Fabiano','Fernando','123',NULL),('Fernando','Fernando','123',NULL),('George','Roberto','123',NULL),('Hércules','Roberto','123',NULL),('Idilio','Produto','123',NULL),('Joni','Machado','123',NULL),('Lyndon','Machado','222','S'),('Machado','Machado','321','S'),('Maciel','DBA','123',NULL),('Maria','Produto','123',NULL),('Mauro','Gerência','123',NULL),('Nair','Produto','123',NULL),('Paula','Produto','123',NULL),('Renato','Machado','123',NULL),('Roberto','Roberto','123',NULL),('Stiffer','Roberto','123',NULL),('Vitorino','Machado','123',NULL),('Wilian','Machado','123',NULL);
/*!40000 ALTER TABLE `tab_desenv` ENABLE KEYS */;
UNLOCK TABLES;

--
-- Table structure for table `tab_enquete`
--

DROP TABLE IF EXISTS `tab_enquete`;
/*!40101 SET @saved_cs_client     = @@character_set_client */;
/*!40101 SET character_set_client = utf8 */;
CREATE TABLE `tab_enquete` (
  `id` int(11) NOT NULL,
  `nome` varchar(100) NOT NULL,
  `sit` varchar(1) DEFAULT NULL,
  `data_ini` date DEFAULT NULL,
  `data_fim` date DEFAULT NULL
) ENGINE=InnoDB DEFAULT CHARSET=utf8;
/*!40101 SET character_set_client = @saved_cs_client */;

--
-- Dumping data for table `tab_enquete`
--

LOCK TABLES `tab_enquete` WRITE;
/*!40000 ALTER TABLE `tab_enquete` DISABLE KEYS */;
INSERT INTO `tab_enquete` VALUES (1,'Matrix 205 - Primeira avaliação sobre regras de negócios do Dolphin ERP','A','2015-05-01','2015-05-13');
/*!40000 ALTER TABLE `tab_enquete` ENABLE KEYS */;
UNLOCK TABLES;

--
-- Table structure for table `tab_enquete_item`
--

DROP TABLE IF EXISTS `tab_enquete_item`;
/*!40101 SET @saved_cs_client     = @@character_set_client */;
/*!40101 SET character_set_client = utf8 */;
CREATE TABLE `tab_enquete_item` (
  `enquete_id` int(11) NOT NULL,
  `nome` varchar(50) NOT NULL,
  `pergunta` int(11) NOT NULL,
  `id` int(11) NOT NULL AUTO_INCREMENT,
  `resposta` int(11) DEFAULT NULL,
  `avaliado` varchar(50) DEFAULT NULL,
  PRIMARY KEY (`id`)
) ENGINE=InnoDB AUTO_INCREMENT=216725 DEFAULT CHARSET=utf8;
/*!40101 SET character_set_client = @saved_cs_client */;

--
-- Dumping data for table `tab_enquete_item`
--

LOCK TABLES `tab_enquete_item` WRITE;
/*!40000 ALTER TABLE `tab_enquete_item` DISABLE KEYS */;
INSERT INTO `tab_enquete_item` VALUES (1,'Douglas',2,202907,0,'Douglas'),(1,'Joni',2,202908,0,'Douglas'),(1,'Lyndon',2,202909,0,'Douglas'),(1,'Machado',2,202910,0,'Douglas'),(1,'Renato',2,202911,0,'Douglas'),(1,'Vitorino',2,202912,0,'Douglas'),(1,'Wilian',2,202913,0,'Douglas'),(1,'Douglas',2,202914,0,'Joni'),(1,'Joni',2,202915,0,'Joni'),(1,'Lyndon',2,202916,0,'Joni'),(1,'Machado',2,202917,0,'Joni'),(1,'Renato',2,202918,0,'Joni'),(1,'Vitorino',2,202919,0,'Joni'),(1,'Wilian',2,202920,0,'Joni'),(1,'Douglas',2,202921,0,'Lyndon'),(1,'Joni',2,202922,0,'Lyndon'),(1,'Lyndon',2,202923,0,'Lyndon'),(1,'Machado',2,202924,0,'Lyndon'),(1,'Renato',2,202925,0,'Lyndon'),(1,'Vitorino',2,202926,0,'Lyndon'),(1,'Wilian',2,202927,0,'Lyndon'),(1,'Douglas',2,202928,0,'Machado'),(1,'Joni',2,202929,0,'Machado'),(1,'Lyndon',2,202930,0,'Machado'),(1,'Machado',2,202931,0,'Machado'),(1,'Renato',2,202932,0,'Machado'),(1,'Vitorino',2,202933,0,'Machado'),(1,'Wilian',2,202934,0,'Machado'),(1,'Douglas',2,202935,0,'Renato'),(1,'Joni',2,202936,0,'Renato'),(1,'Lyndon',2,202937,0,'Renato'),(1,'Machado',2,202938,0,'Renato'),(1,'Renato',2,202939,0,'Renato'),(1,'Vitorino',2,202940,0,'Renato'),(1,'Wilian',2,202941,0,'Renato'),(1,'Douglas',2,202942,0,'Vitorino'),(1,'Joni',2,202943,0,'Vitorino'),(1,'Lyndon',2,202944,0,'Vitorino'),(1,'Machado',2,202945,0,'Vitorino'),(1,'Renato',2,202946,0,'Vitorino'),(1,'Vitorino',2,202947,0,'Vitorino'),(1,'Wilian',2,202948,0,'Vitorino'),(1,'Douglas',2,202949,0,'Wilian'),(1,'Joni',2,202950,0,'Wilian'),(1,'Lyndon',2,202951,0,'Wilian'),(1,'Machado',2,202952,0,'Wilian'),(1,'Renato',2,202953,0,'Wilian'),(1,'Vitorino',2,202954,0,'Wilian'),(1,'Wilian',2,202955,0,'Wilian'),(1,'Douglas',3,202956,0,'Douglas'),(1,'Joni',3,202957,0,'Douglas'),(1,'Lyndon',3,202958,0,'Douglas'),(1,'Machado',3,202959,0,'Douglas'),(1,'Renato',3,202960,0,'Douglas'),(1,'Vitorino',3,202961,0,'Douglas'),(1,'Wilian',3,202962,0,'Douglas'),(1,'Douglas',3,202963,0,'Joni'),(1,'Joni',3,202964,0,'Joni'),(1,'Lyndon',3,202965,0,'Joni'),(1,'Machado',3,202966,0,'Joni'),(1,'Renato',3,202967,0,'Joni'),(1,'Vitorino',3,202968,0,'Joni'),(1,'Wilian',3,202969,0,'Joni'),(1,'Douglas',3,202970,0,'Lyndon'),(1,'Joni',3,202971,0,'Lyndon'),(1,'Lyndon',3,202972,0,'Lyndon'),(1,'Machado',3,202973,0,'Lyndon'),(1,'Renato',3,202974,0,'Lyndon'),(1,'Vitorino',3,202975,0,'Lyndon'),(1,'Wilian',3,202976,0,'Lyndon'),(1,'Douglas',3,202977,0,'Machado'),(1,'Joni',3,202978,0,'Machado'),(1,'Lyndon',3,202979,0,'Machado'),(1,'Machado',3,202980,0,'Machado'),(1,'Renato',3,202981,0,'Machado'),(1,'Vitorino',3,202982,0,'Machado'),(1,'Wilian',3,202983,0,'Machado'),(1,'Douglas',3,202984,0,'Renato'),(1,'Joni',3,202985,0,'Renato'),(1,'Lyndon',3,202986,0,'Renato'),(1,'Machado',3,202987,0,'Renato'),(1,'Renato',3,202988,0,'Renato'),(1,'Vitorino',3,202989,0,'Renato'),(1,'Wilian',3,202990,0,'Renato'),(1,'Douglas',3,202991,0,'Vitorino'),(1,'Joni',3,202992,0,'Vitorino'),(1,'Lyndon',3,202993,0,'Vitorino'),(1,'Machado',3,202994,0,'Vitorino'),(1,'Renato',3,202995,0,'Vitorino'),(1,'Vitorino',3,202996,0,'Vitorino'),(1,'Wilian',3,202997,0,'Vitorino'),(1,'Douglas',3,202998,0,'Wilian'),(1,'Joni',3,202999,0,'Wilian'),(1,'Lyndon',3,203000,0,'Wilian'),(1,'Machado',3,203001,0,'Wilian'),(1,'Renato',3,203002,0,'Wilian'),(1,'Vitorino',3,203003,0,'Wilian'),(1,'Wilian',3,203004,0,'Wilian'),(1,'Douglas',4,203005,0,'Douglas'),(1,'Joni',4,203006,0,'Douglas'),(1,'Lyndon',4,203007,0,'Douglas'),(1,'Machado',4,203008,0,'Douglas'),(1,'Renato',4,203009,0,'Douglas'),(1,'Vitorino',4,203010,0,'Douglas'),(1,'Wilian',4,203011,0,'Douglas'),(1,'Douglas',4,203012,0,'Joni'),(1,'Joni',4,203013,0,'Joni'),(1,'Lyndon',4,203014,0,'Joni'),(1,'Machado',4,203015,0,'Joni'),(1,'Renato',4,203016,0,'Joni'),(1,'Vitorino',4,203017,0,'Joni'),(1,'Wilian',4,203018,0,'Joni'),(1,'Douglas',4,203019,0,'Lyndon'),(1,'Joni',4,203020,0,'Lyndon'),(1,'Lyndon',4,203021,0,'Lyndon'),(1,'Machado',4,203022,0,'Lyndon'),(1,'Renato',4,203023,0,'Lyndon'),(1,'Vitorino',4,203024,0,'Lyndon'),(1,'Wilian',4,203025,0,'Lyndon'),(1,'Douglas',4,203026,0,'Machado'),(1,'Joni',4,203027,0,'Machado'),(1,'Lyndon',4,203028,0,'Machado'),(1,'Machado',4,203029,0,'Machado'),(1,'Renato',4,203030,0,'Machado'),(1,'Vitorino',4,203031,0,'Machado'),(1,'Wilian',4,203032,0,'Machado'),(1,'Douglas',4,203033,0,'Renato'),(1,'Joni',4,203034,0,'Renato'),(1,'Lyndon',4,203035,0,'Renato'),(1,'Machado',4,203036,0,'Renato'),(1,'Renato',4,203037,0,'Renato'),(1,'Vitorino',4,203038,0,'Renato'),(1,'Wilian',4,203039,0,'Renato'),(1,'Douglas',4,203040,0,'Vitorino'),(1,'Joni',4,203041,0,'Vitorino'),(1,'Lyndon',4,203042,0,'Vitorino'),(1,'Machado',4,203043,0,'Vitorino'),(1,'Renato',4,203044,0,'Vitorino'),(1,'Vitorino',4,203045,0,'Vitorino'),(1,'Wilian',4,203046,0,'Vitorino'),(1,'Douglas',4,203047,0,'Wilian'),(1,'Joni',4,203048,0,'Wilian'),(1,'Lyndon',4,203049,0,'Wilian'),(1,'Machado',4,203050,0,'Wilian'),(1,'Renato',4,203051,0,'Wilian'),(1,'Vitorino',4,203052,0,'Wilian'),(1,'Wilian',4,203053,0,'Wilian'),(1,'Douglas',5,203054,0,'Douglas'),(1,'Joni',5,203055,0,'Douglas'),(1,'Lyndon',5,203056,0,'Douglas'),(1,'Machado',5,203057,0,'Douglas'),(1,'Renato',5,203058,0,'Douglas'),(1,'Vitorino',5,203059,0,'Douglas'),(1,'Wilian',5,203060,0,'Douglas'),(1,'Douglas',5,203061,0,'Joni'),(1,'Joni',5,203062,0,'Joni'),(1,'Lyndon',5,203063,0,'Joni'),(1,'Machado',5,203064,0,'Joni'),(1,'Renato',5,203065,0,'Joni'),(1,'Vitorino',5,203066,0,'Joni'),(1,'Wilian',5,203067,0,'Joni'),(1,'Douglas',5,203068,0,'Lyndon'),(1,'Joni',5,203069,0,'Lyndon'),(1,'Lyndon',5,203070,0,'Lyndon'),(1,'Machado',5,203071,0,'Lyndon'),(1,'Renato',5,203072,0,'Lyndon'),(1,'Vitorino',5,203073,0,'Lyndon'),(1,'Wilian',5,203074,0,'Lyndon'),(1,'Douglas',5,203075,0,'Machado'),(1,'Joni',5,203076,0,'Machado'),(1,'Lyndon',5,203077,0,'Machado'),(1,'Machado',5,203078,0,'Machado'),(1,'Renato',5,203079,0,'Machado'),(1,'Vitorino',5,203080,0,'Machado'),(1,'Wilian',5,203081,0,'Machado'),(1,'Douglas',5,203082,0,'Renato'),(1,'Joni',5,203083,0,'Renato'),(1,'Lyndon',5,203084,0,'Renato'),(1,'Machado',5,203085,0,'Renato'),(1,'Renato',5,203086,0,'Renato'),(1,'Vitorino',5,203087,0,'Renato'),(1,'Wilian',5,203088,0,'Renato'),(1,'Douglas',5,203089,0,'Vitorino'),(1,'Joni',5,203090,0,'Vitorino'),(1,'Lyndon',5,203091,0,'Vitorino'),(1,'Machado',5,203092,0,'Vitorino'),(1,'Renato',5,203093,0,'Vitorino'),(1,'Vitorino',5,203094,0,'Vitorino'),(1,'Wilian',5,203095,0,'Vitorino'),(1,'Douglas',5,203096,0,'Wilian'),(1,'Joni',5,203097,0,'Wilian'),(1,'Lyndon',5,203098,0,'Wilian'),(1,'Machado',5,203099,0,'Wilian'),(1,'Renato',5,203100,0,'Wilian'),(1,'Vitorino',5,203101,0,'Wilian'),(1,'Wilian',5,203102,0,'Wilian'),(1,'Douglas',6,203103,0,'Douglas'),(1,'Joni',6,203104,0,'Douglas'),(1,'Lyndon',6,203105,0,'Douglas'),(1,'Machado',6,203106,0,'Douglas'),(1,'Renato',6,203107,0,'Douglas'),(1,'Vitorino',6,203108,0,'Douglas'),(1,'Wilian',6,203109,0,'Douglas'),(1,'Douglas',6,203110,0,'Joni'),(1,'Joni',6,203111,0,'Joni'),(1,'Lyndon',6,203112,0,'Joni'),(1,'Machado',6,203113,0,'Joni'),(1,'Renato',6,203114,0,'Joni'),(1,'Vitorino',6,203115,0,'Joni'),(1,'Wilian',6,203116,0,'Joni'),(1,'Douglas',6,203117,0,'Lyndon'),(1,'Joni',6,203118,0,'Lyndon'),(1,'Lyndon',6,203119,0,'Lyndon'),(1,'Machado',6,203120,0,'Lyndon'),(1,'Renato',6,203121,0,'Lyndon'),(1,'Vitorino',6,203122,0,'Lyndon'),(1,'Wilian',6,203123,0,'Lyndon'),(1,'Douglas',6,203124,0,'Machado'),(1,'Joni',6,203125,0,'Machado'),(1,'Lyndon',6,203126,0,'Machado'),(1,'Machado',6,203127,0,'Machado'),(1,'Renato',6,203128,0,'Machado'),(1,'Vitorino',6,203129,0,'Machado'),(1,'Wilian',6,203130,0,'Machado'),(1,'Douglas',6,203131,0,'Renato'),(1,'Joni',6,203132,0,'Renato'),(1,'Lyndon',6,203133,0,'Renato'),(1,'Machado',6,203134,0,'Renato'),(1,'Renato',6,203135,0,'Renato'),(1,'Vitorino',6,203136,0,'Renato'),(1,'Wilian',6,203137,0,'Renato'),(1,'Douglas',6,203138,0,'Vitorino'),(1,'Joni',6,203139,0,'Vitorino'),(1,'Lyndon',6,203140,0,'Vitorino'),(1,'Machado',6,203141,0,'Vitorino'),(1,'Renato',6,203142,0,'Vitorino'),(1,'Vitorino',6,203143,0,'Vitorino'),(1,'Wilian',6,203144,0,'Vitorino'),(1,'Douglas',6,203145,0,'Wilian'),(1,'Joni',6,203146,0,'Wilian'),(1,'Lyndon',6,203147,0,'Wilian'),(1,'Machado',6,203148,0,'Wilian'),(1,'Renato',6,203149,0,'Wilian'),(1,'Vitorino',6,203150,0,'Wilian'),(1,'Wilian',6,203151,0,'Wilian'),(1,'Douglas',7,203152,0,'Douglas'),(1,'Joni',7,203153,0,'Douglas'),(1,'Lyndon',7,203154,0,'Douglas'),(1,'Machado',7,203155,0,'Douglas'),(1,'Renato',7,203156,0,'Douglas'),(1,'Vitorino',7,203157,0,'Douglas'),(1,'Wilian',7,203158,0,'Douglas'),(1,'Douglas',7,203159,0,'Joni'),(1,'Joni',7,203160,0,'Joni'),(1,'Lyndon',7,203161,0,'Joni'),(1,'Machado',7,203162,0,'Joni'),(1,'Renato',7,203163,0,'Joni'),(1,'Vitorino',7,203164,0,'Joni'),(1,'Wilian',7,203165,0,'Joni'),(1,'Douglas',7,203166,0,'Lyndon'),(1,'Joni',7,203167,0,'Lyndon'),(1,'Lyndon',7,203168,0,'Lyndon'),(1,'Machado',7,203169,0,'Lyndon'),(1,'Renato',7,203170,0,'Lyndon'),(1,'Vitorino',7,203171,0,'Lyndon'),(1,'Wilian',7,203172,0,'Lyndon'),(1,'Douglas',7,203173,0,'Machado'),(1,'Joni',7,203174,0,'Machado'),(1,'Lyndon',7,203175,0,'Machado'),(1,'Machado',7,203176,0,'Machado'),(1,'Renato',7,203177,0,'Machado'),(1,'Vitorino',7,203178,0,'Machado'),(1,'Wilian',7,203179,0,'Machado'),(1,'Douglas',7,203180,0,'Renato'),(1,'Joni',7,203181,0,'Renato'),(1,'Lyndon',7,203182,0,'Renato'),(1,'Machado',7,203183,0,'Renato'),(1,'Renato',7,203184,0,'Renato'),(1,'Vitorino',7,203185,0,'Renato'),(1,'Wilian',7,203186,0,'Renato'),(1,'Douglas',7,203187,0,'Vitorino'),(1,'Joni',7,203188,0,'Vitorino'),(1,'Lyndon',7,203189,0,'Vitorino'),(1,'Machado',7,203190,0,'Vitorino'),(1,'Renato',7,203191,0,'Vitorino'),(1,'Vitorino',7,203192,0,'Vitorino'),(1,'Wilian',7,203193,0,'Vitorino'),(1,'Douglas',7,203194,0,'Wilian'),(1,'Joni',7,203195,0,'Wilian'),(1,'Lyndon',7,203196,0,'Wilian'),(1,'Machado',7,203197,0,'Wilian'),(1,'Renato',7,203198,0,'Wilian'),(1,'Vitorino',7,203199,0,'Wilian'),(1,'Wilian',7,203200,0,'Wilian'),(1,'Douglas',8,203201,0,'Douglas'),(1,'Joni',8,203202,0,'Douglas'),(1,'Lyndon',8,203203,0,'Douglas'),(1,'Machado',8,203204,0,'Douglas'),(1,'Renato',8,203205,0,'Douglas'),(1,'Vitorino',8,203206,0,'Douglas'),(1,'Wilian',8,203207,0,'Douglas'),(1,'Douglas',8,203208,0,'Joni'),(1,'Joni',8,203209,0,'Joni'),(1,'Lyndon',8,203210,0,'Joni'),(1,'Machado',8,203211,0,'Joni'),(1,'Renato',8,203212,0,'Joni'),(1,'Vitorino',8,203213,0,'Joni'),(1,'Wilian',8,203214,0,'Joni'),(1,'Douglas',8,203215,0,'Lyndon'),(1,'Joni',8,203216,0,'Lyndon'),(1,'Lyndon',8,203217,0,'Lyndon'),(1,'Machado',8,203218,0,'Lyndon'),(1,'Renato',8,203219,0,'Lyndon'),(1,'Vitorino',8,203220,0,'Lyndon'),(1,'Wilian',8,203221,0,'Lyndon'),(1,'Douglas',8,203222,0,'Machado'),(1,'Joni',8,203223,0,'Machado'),(1,'Lyndon',8,203224,0,'Machado'),(1,'Machado',8,203225,0,'Machado'),(1,'Renato',8,203226,0,'Machado'),(1,'Vitorino',8,203227,0,'Machado'),(1,'Wilian',8,203228,0,'Machado'),(1,'Douglas',8,203229,0,'Renato'),(1,'Joni',8,203230,0,'Renato'),(1,'Lyndon',8,203231,0,'Renato'),(1,'Machado',8,203232,0,'Renato'),(1,'Renato',8,203233,0,'Renato'),(1,'Vitorino',8,203234,0,'Renato'),(1,'Wilian',8,203235,0,'Renato'),(1,'Douglas',8,203236,0,'Vitorino'),(1,'Joni',8,203237,0,'Vitorino'),(1,'Lyndon',8,203238,0,'Vitorino'),(1,'Machado',8,203239,0,'Vitorino'),(1,'Renato',8,203240,0,'Vitorino'),(1,'Vitorino',8,203241,0,'Vitorino'),(1,'Wilian',8,203242,0,'Vitorino'),(1,'Douglas',8,203243,0,'Wilian'),(1,'Joni',8,203244,0,'Wilian'),(1,'Lyndon',8,203245,0,'Wilian'),(1,'Machado',8,203246,0,'Wilian'),(1,'Renato',8,203247,0,'Wilian'),(1,'Vitorino',8,203248,0,'Wilian'),(1,'Wilian',8,203249,0,'Wilian'),(1,'Douglas',9,203250,0,'Douglas'),(1,'Joni',9,203251,0,'Douglas'),(1,'Lyndon',9,203252,0,'Douglas'),(1,'Machado',9,203253,0,'Douglas'),(1,'Renato',9,203254,0,'Douglas'),(1,'Vitorino',9,203255,0,'Douglas'),(1,'Wilian',9,203256,0,'Douglas'),(1,'Douglas',9,203257,0,'Joni'),(1,'Joni',9,203258,0,'Joni'),(1,'Lyndon',9,203259,0,'Joni'),(1,'Machado',9,203260,0,'Joni'),(1,'Renato',9,203261,0,'Joni'),(1,'Vitorino',9,203262,0,'Joni'),(1,'Wilian',9,203263,0,'Joni'),(1,'Douglas',9,203264,0,'Lyndon'),(1,'Joni',9,203265,0,'Lyndon'),(1,'Lyndon',9,203266,0,'Lyndon'),(1,'Machado',9,203267,0,'Lyndon'),(1,'Renato',9,203268,0,'Lyndon'),(1,'Vitorino',9,203269,0,'Lyndon'),(1,'Wilian',9,203270,0,'Lyndon'),(1,'Douglas',9,203271,0,'Machado'),(1,'Joni',9,203272,0,'Machado'),(1,'Lyndon',9,203273,0,'Machado'),(1,'Machado',9,203274,0,'Machado'),(1,'Renato',9,203275,0,'Machado'),(1,'Vitorino',9,203276,0,'Machado'),(1,'Wilian',9,203277,0,'Machado'),(1,'Douglas',9,203278,0,'Renato'),(1,'Joni',9,203279,0,'Renato'),(1,'Lyndon',9,203280,0,'Renato'),(1,'Machado',9,203281,0,'Renato'),(1,'Renato',9,203282,0,'Renato'),(1,'Vitorino',9,203283,0,'Renato'),(1,'Wilian',9,203284,0,'Renato'),(1,'Douglas',9,203285,0,'Vitorino'),(1,'Joni',9,203286,0,'Vitorino'),(1,'Lyndon',9,203287,0,'Vitorino'),(1,'Machado',9,203288,0,'Vitorino'),(1,'Renato',9,203289,0,'Vitorino'),(1,'Vitorino',9,203290,0,'Vitorino'),(1,'Wilian',9,203291,0,'Vitorino'),(1,'Douglas',9,203292,0,'Wilian'),(1,'Joni',9,203293,0,'Wilian'),(1,'Lyndon',9,203294,0,'Wilian'),(1,'Machado',9,203295,0,'Wilian'),(1,'Renato',9,203296,0,'Wilian'),(1,'Vitorino',9,203297,0,'Wilian'),(1,'Wilian',9,203298,0,'Wilian'),(1,'Douglas',10,203299,0,'Douglas'),(1,'Joni',10,203300,0,'Douglas'),(1,'Lyndon',10,203301,0,'Douglas'),(1,'Machado',10,203302,0,'Douglas'),(1,'Renato',10,203303,0,'Douglas'),(1,'Vitorino',10,203304,0,'Douglas'),(1,'Wilian',10,203305,0,'Douglas'),(1,'Douglas',10,203306,0,'Joni'),(1,'Joni',10,203307,0,'Joni'),(1,'Lyndon',10,203308,0,'Joni'),(1,'Machado',10,203309,0,'Joni'),(1,'Renato',10,203310,0,'Joni'),(1,'Vitorino',10,203311,0,'Joni'),(1,'Wilian',10,203312,0,'Joni'),(1,'Douglas',10,203313,0,'Lyndon'),(1,'Joni',10,203314,0,'Lyndon'),(1,'Lyndon',10,203315,0,'Lyndon'),(1,'Machado',10,203316,0,'Lyndon'),(1,'Renato',10,203317,0,'Lyndon'),(1,'Vitorino',10,203318,0,'Lyndon'),(1,'Wilian',10,203319,0,'Lyndon'),(1,'Douglas',10,203320,0,'Machado'),(1,'Joni',10,203321,0,'Machado'),(1,'Lyndon',10,203322,0,'Machado'),(1,'Machado',10,203323,0,'Machado'),(1,'Renato',10,203324,0,'Machado'),(1,'Vitorino',10,203325,0,'Machado'),(1,'Wilian',10,203326,0,'Machado'),(1,'Douglas',10,203327,0,'Renato'),(1,'Joni',10,203328,0,'Renato'),(1,'Lyndon',10,203329,0,'Renato'),(1,'Machado',10,203330,0,'Renato'),(1,'Renato',10,203331,0,'Renato'),(1,'Vitorino',10,203332,0,'Renato'),(1,'Wilian',10,203333,0,'Renato'),(1,'Douglas',10,203334,0,'Vitorino'),(1,'Joni',10,203335,0,'Vitorino'),(1,'Lyndon',10,203336,0,'Vitorino'),(1,'Machado',10,203337,0,'Vitorino'),(1,'Renato',10,203338,0,'Vitorino'),(1,'Vitorino',10,203339,0,'Vitorino'),(1,'Wilian',10,203340,0,'Vitorino'),(1,'Douglas',10,203341,0,'Wilian'),(1,'Joni',10,203342,0,'Wilian'),(1,'Lyndon',10,203343,0,'Wilian'),(1,'Machado',10,203344,0,'Wilian'),(1,'Renato',10,203345,0,'Wilian'),(1,'Vitorino',10,203346,0,'Wilian'),(1,'Wilian',10,203347,0,'Wilian'),(1,'Douglas',11,203348,0,'Douglas'),(1,'Joni',11,203349,0,'Douglas'),(1,'Lyndon',11,203350,0,'Douglas'),(1,'Machado',11,203351,0,'Douglas'),(1,'Renato',11,203352,0,'Douglas'),(1,'Vitorino',11,203353,0,'Douglas'),(1,'Wilian',11,203354,0,'Douglas'),(1,'Douglas',11,203355,0,'Joni'),(1,'Joni',11,203356,0,'Joni'),(1,'Lyndon',11,203357,0,'Joni'),(1,'Machado',11,203358,0,'Joni'),(1,'Renato',11,203359,0,'Joni'),(1,'Vitorino',11,203360,0,'Joni'),(1,'Wilian',11,203361,0,'Joni'),(1,'Douglas',11,203362,0,'Lyndon'),(1,'Joni',11,203363,0,'Lyndon'),(1,'Lyndon',11,203364,0,'Lyndon'),(1,'Machado',11,203365,0,'Lyndon'),(1,'Renato',11,203366,0,'Lyndon'),(1,'Vitorino',11,203367,0,'Lyndon'),(1,'Wilian',11,203368,0,'Lyndon'),(1,'Douglas',11,203369,0,'Machado'),(1,'Joni',11,203370,0,'Machado'),(1,'Lyndon',11,203371,0,'Machado'),(1,'Machado',11,203372,0,'Machado'),(1,'Renato',11,203373,0,'Machado'),(1,'Vitorino',11,203374,0,'Machado'),(1,'Wilian',11,203375,0,'Machado'),(1,'Douglas',11,203376,0,'Renato'),(1,'Joni',11,203377,0,'Renato'),(1,'Lyndon',11,203378,0,'Renato'),(1,'Machado',11,203379,0,'Renato'),(1,'Renato',11,203380,0,'Renato'),(1,'Vitorino',11,203381,0,'Renato'),(1,'Wilian',11,203382,0,'Renato'),(1,'Douglas',11,203383,0,'Vitorino'),(1,'Joni',11,203384,0,'Vitorino'),(1,'Lyndon',11,203385,0,'Vitorino'),(1,'Machado',11,203386,0,'Vitorino'),(1,'Renato',11,203387,0,'Vitorino'),(1,'Vitorino',11,203388,0,'Vitorino'),(1,'Wilian',11,203389,0,'Vitorino'),(1,'Douglas',11,203390,0,'Wilian'),(1,'Joni',11,203391,0,'Wilian'),(1,'Lyndon',11,203392,0,'Wilian'),(1,'Machado',11,203393,0,'Wilian'),(1,'Renato',11,203394,0,'Wilian'),(1,'Vitorino',11,203395,0,'Wilian'),(1,'Wilian',11,203396,0,'Wilian'),(1,'Douglas',12,203397,0,'Douglas'),(1,'Joni',12,203398,0,'Douglas'),(1,'Lyndon',12,203399,0,'Douglas'),(1,'Machado',12,203400,0,'Douglas'),(1,'Renato',12,203401,0,'Douglas'),(1,'Vitorino',12,203402,0,'Douglas'),(1,'Wilian',12,203403,0,'Douglas'),(1,'Douglas',12,203404,0,'Joni'),(1,'Joni',12,203405,0,'Joni'),(1,'Lyndon',12,203406,0,'Joni'),(1,'Machado',12,203407,0,'Joni'),(1,'Renato',12,203408,0,'Joni'),(1,'Vitorino',12,203409,0,'Joni'),(1,'Wilian',12,203410,0,'Joni'),(1,'Douglas',12,203411,0,'Lyndon'),(1,'Joni',12,203412,0,'Lyndon'),(1,'Lyndon',12,203413,0,'Lyndon'),(1,'Machado',12,203414,0,'Lyndon'),(1,'Renato',12,203415,0,'Lyndon'),(1,'Vitorino',12,203416,0,'Lyndon'),(1,'Wilian',12,203417,0,'Lyndon'),(1,'Douglas',12,203418,0,'Machado'),(1,'Joni',12,203419,0,'Machado'),(1,'Lyndon',12,203420,0,'Machado'),(1,'Machado',12,203421,0,'Machado'),(1,'Renato',12,203422,0,'Machado'),(1,'Vitorino',12,203423,0,'Machado'),(1,'Wilian',12,203424,0,'Machado'),(1,'Douglas',12,203425,0,'Renato'),(1,'Joni',12,203426,0,'Renato'),(1,'Lyndon',12,203427,0,'Renato'),(1,'Machado',12,203428,0,'Renato'),(1,'Renato',12,203429,0,'Renato'),(1,'Vitorino',12,203430,0,'Renato'),(1,'Wilian',12,203431,0,'Renato'),(1,'Douglas',12,203432,0,'Vitorino'),(1,'Joni',12,203433,0,'Vitorino'),(1,'Lyndon',12,203434,0,'Vitorino'),(1,'Machado',12,203435,0,'Vitorino'),(1,'Renato',12,203436,0,'Vitorino'),(1,'Vitorino',12,203437,0,'Vitorino'),(1,'Wilian',12,203438,0,'Vitorino'),(1,'Douglas',12,203439,0,'Wilian'),(1,'Joni',12,203440,0,'Wilian'),(1,'Lyndon',12,203441,0,'Wilian'),(1,'Machado',12,203442,0,'Wilian'),(1,'Renato',12,203443,0,'Wilian'),(1,'Vitorino',12,203444,0,'Wilian'),(1,'Wilian',12,203445,0,'Wilian'),(1,'Douglas',13,203446,0,'Douglas'),(1,'Joni',13,203447,0,'Douglas'),(1,'Lyndon',13,203448,0,'Douglas'),(1,'Machado',13,203449,0,'Douglas'),(1,'Renato',13,203450,0,'Douglas'),(1,'Vitorino',13,203451,0,'Douglas'),(1,'Wilian',13,203452,0,'Douglas'),(1,'Douglas',13,203453,0,'Joni'),(1,'Joni',13,203454,0,'Joni'),(1,'Lyndon',13,203455,0,'Joni'),(1,'Machado',13,203456,0,'Joni'),(1,'Renato',13,203457,0,'Joni'),(1,'Vitorino',13,203458,0,'Joni'),(1,'Wilian',13,203459,0,'Joni'),(1,'Douglas',13,203460,0,'Lyndon'),(1,'Joni',13,203461,0,'Lyndon'),(1,'Lyndon',13,203462,0,'Lyndon'),(1,'Machado',13,203463,0,'Lyndon'),(1,'Renato',13,203464,0,'Lyndon'),(1,'Vitorino',13,203465,0,'Lyndon'),(1,'Wilian',13,203466,0,'Lyndon'),(1,'Douglas',13,203467,0,'Machado'),(1,'Joni',13,203468,0,'Machado'),(1,'Lyndon',13,203469,0,'Machado'),(1,'Machado',13,203470,0,'Machado'),(1,'Renato',13,203471,0,'Machado'),(1,'Vitorino',13,203472,0,'Machado'),(1,'Wilian',13,203473,0,'Machado'),(1,'Douglas',13,203474,0,'Renato'),(1,'Joni',13,203475,0,'Renato'),(1,'Lyndon',13,203476,0,'Renato'),(1,'Machado',13,203477,0,'Renato'),(1,'Renato',13,203478,0,'Renato'),(1,'Vitorino',13,203479,0,'Renato'),(1,'Wilian',13,203480,0,'Renato'),(1,'Douglas',13,203481,0,'Vitorino'),(1,'Joni',13,203482,0,'Vitorino'),(1,'Lyndon',13,203483,0,'Vitorino'),(1,'Machado',13,203484,0,'Vitorino'),(1,'Renato',13,203485,0,'Vitorino'),(1,'Vitorino',13,203486,0,'Vitorino'),(1,'Wilian',13,203487,0,'Vitorino'),(1,'Douglas',13,203488,0,'Wilian'),(1,'Joni',13,203489,0,'Wilian'),(1,'Lyndon',13,203490,0,'Wilian'),(1,'Machado',13,203491,0,'Wilian'),(1,'Renato',13,203492,0,'Wilian'),(1,'Vitorino',13,203493,0,'Wilian'),(1,'Wilian',13,203494,0,'Wilian'),(1,'Douglas',14,203495,0,'Douglas'),(1,'Joni',14,203496,0,'Douglas'),(1,'Lyndon',14,203497,0,'Douglas'),(1,'Machado',14,203498,0,'Douglas'),(1,'Renato',14,203499,0,'Douglas'),(1,'Vitorino',14,203500,0,'Douglas'),(1,'Wilian',14,203501,0,'Douglas'),(1,'Douglas',14,203502,0,'Joni'),(1,'Joni',14,203503,0,'Joni'),(1,'Lyndon',14,203504,0,'Joni'),(1,'Machado',14,203505,0,'Joni'),(1,'Renato',14,203506,0,'Joni'),(1,'Vitorino',14,203507,0,'Joni'),(1,'Wilian',14,203508,0,'Joni'),(1,'Douglas',14,203509,0,'Lyndon'),(1,'Joni',14,203510,0,'Lyndon'),(1,'Lyndon',14,203511,0,'Lyndon'),(1,'Machado',14,203512,0,'Lyndon'),(1,'Renato',14,203513,0,'Lyndon'),(1,'Vitorino',14,203514,0,'Lyndon'),(1,'Wilian',14,203515,0,'Lyndon'),(1,'Douglas',14,203516,0,'Machado'),(1,'Joni',14,203517,0,'Machado'),(1,'Lyndon',14,203518,0,'Machado'),(1,'Machado',14,203519,0,'Machado'),(1,'Renato',14,203520,0,'Machado'),(1,'Vitorino',14,203521,0,'Machado'),(1,'Wilian',14,203522,0,'Machado'),(1,'Douglas',14,203523,0,'Renato'),(1,'Joni',14,203524,0,'Renato'),(1,'Lyndon',14,203525,0,'Renato'),(1,'Machado',14,203526,0,'Renato'),(1,'Renato',14,203527,0,'Renato'),(1,'Vitorino',14,203528,0,'Renato'),(1,'Wilian',14,203529,0,'Renato'),(1,'Douglas',14,203530,0,'Vitorino'),(1,'Joni',14,203531,0,'Vitorino'),(1,'Lyndon',14,203532,0,'Vitorino'),(1,'Machado',14,203533,0,'Vitorino'),(1,'Renato',14,203534,0,'Vitorino'),(1,'Vitorino',14,203535,0,'Vitorino'),(1,'Wilian',14,203536,0,'Vitorino'),(1,'Douglas',14,203537,0,'Wilian'),(1,'Joni',14,203538,0,'Wilian'),(1,'Lyndon',14,203539,0,'Wilian'),(1,'Machado',14,203540,0,'Wilian'),(1,'Renato',14,203541,0,'Wilian'),(1,'Vitorino',14,203542,0,'Wilian'),(1,'Wilian',14,203543,0,'Wilian'),(1,'Douglas',15,203544,0,'Douglas'),(1,'Joni',15,203545,0,'Douglas'),(1,'Lyndon',15,203546,0,'Douglas'),(1,'Machado',15,203547,0,'Douglas'),(1,'Renato',15,203548,0,'Douglas'),(1,'Vitorino',15,203549,0,'Douglas'),(1,'Wilian',15,203550,0,'Douglas'),(1,'Douglas',15,203551,0,'Joni'),(1,'Joni',15,203552,0,'Joni'),(1,'Lyndon',15,203553,0,'Joni'),(1,'Machado',15,203554,0,'Joni'),(1,'Renato',15,203555,0,'Joni'),(1,'Vitorino',15,203556,0,'Joni'),(1,'Wilian',15,203557,0,'Joni'),(1,'Douglas',15,203558,0,'Lyndon'),(1,'Joni',15,203559,0,'Lyndon'),(1,'Lyndon',15,203560,0,'Lyndon'),(1,'Machado',15,203561,0,'Lyndon'),(1,'Renato',15,203562,0,'Lyndon'),(1,'Vitorino',15,203563,0,'Lyndon'),(1,'Wilian',15,203564,0,'Lyndon'),(1,'Douglas',15,203565,0,'Machado'),(1,'Joni',15,203566,0,'Machado'),(1,'Lyndon',15,203567,0,'Machado'),(1,'Machado',15,203568,0,'Machado'),(1,'Renato',15,203569,0,'Machado'),(1,'Vitorino',15,203570,0,'Machado'),(1,'Wilian',15,203571,0,'Machado'),(1,'Douglas',15,203572,0,'Renato'),(1,'Joni',15,203573,0,'Renato'),(1,'Lyndon',15,203574,0,'Renato'),(1,'Machado',15,203575,0,'Renato'),(1,'Renato',15,203576,0,'Renato'),(1,'Vitorino',15,203577,0,'Renato'),(1,'Wilian',15,203578,0,'Renato'),(1,'Douglas',15,203579,0,'Vitorino'),(1,'Joni',15,203580,0,'Vitorino'),(1,'Lyndon',15,203581,0,'Vitorino'),(1,'Machado',15,203582,0,'Vitorino'),(1,'Renato',15,203583,0,'Vitorino'),(1,'Vitorino',15,203584,0,'Vitorino'),(1,'Wilian',15,203585,0,'Vitorino'),(1,'Douglas',15,203586,0,'Wilian'),(1,'Joni',15,203587,0,'Wilian'),(1,'Lyndon',15,203588,0,'Wilian'),(1,'Machado',15,203589,0,'Wilian'),(1,'Renato',15,203590,0,'Wilian'),(1,'Vitorino',15,203591,0,'Wilian'),(1,'Wilian',15,203592,0,'Wilian'),(1,'Douglas',16,203593,0,'Douglas'),(1,'Joni',16,203594,0,'Douglas'),(1,'Lyndon',16,203595,0,'Douglas'),(1,'Machado',16,203596,0,'Douglas'),(1,'Renato',16,203597,0,'Douglas'),(1,'Vitorino',16,203598,0,'Douglas'),(1,'Wilian',16,203599,0,'Douglas'),(1,'Douglas',16,203600,0,'Joni'),(1,'Joni',16,203601,0,'Joni'),(1,'Lyndon',16,203602,0,'Joni'),(1,'Machado',16,203603,0,'Joni'),(1,'Renato',16,203604,0,'Joni'),(1,'Vitorino',16,203605,0,'Joni'),(1,'Wilian',16,203606,0,'Joni'),(1,'Douglas',16,203607,0,'Lyndon'),(1,'Joni',16,203608,0,'Lyndon'),(1,'Lyndon',16,203609,0,'Lyndon'),(1,'Machado',16,203610,0,'Lyndon'),(1,'Renato',16,203611,0,'Lyndon'),(1,'Vitorino',16,203612,0,'Lyndon'),(1,'Wilian',16,203613,0,'Lyndon'),(1,'Douglas',16,203614,0,'Machado'),(1,'Joni',16,203615,0,'Machado'),(1,'Lyndon',16,203616,0,'Machado'),(1,'Machado',16,203617,0,'Machado'),(1,'Renato',16,203618,0,'Machado'),(1,'Vitorino',16,203619,0,'Machado'),(1,'Wilian',16,203620,0,'Machado'),(1,'Douglas',16,203621,0,'Renato'),(1,'Joni',16,203622,0,'Renato'),(1,'Lyndon',16,203623,0,'Renato'),(1,'Machado',16,203624,0,'Renato'),(1,'Renato',16,203625,0,'Renato'),(1,'Vitorino',16,203626,0,'Renato'),(1,'Wilian',16,203627,0,'Renato'),(1,'Douglas',16,203628,0,'Vitorino'),(1,'Joni',16,203629,0,'Vitorino'),(1,'Lyndon',16,203630,0,'Vitorino'),(1,'Machado',16,203631,0,'Vitorino'),(1,'Renato',16,203632,0,'Vitorino'),(1,'Vitorino',16,203633,0,'Vitorino'),(1,'Wilian',16,203634,0,'Vitorino'),(1,'Douglas',16,203635,0,'Wilian'),(1,'Joni',16,203636,0,'Wilian'),(1,'Lyndon',16,203637,0,'Wilian'),(1,'Machado',16,203638,0,'Wilian'),(1,'Renato',16,203639,0,'Wilian'),(1,'Vitorino',16,203640,0,'Wilian'),(1,'Wilian',16,203641,0,'Wilian'),(1,'Douglas',17,203642,0,'Douglas'),(1,'Joni',17,203643,0,'Douglas'),(1,'Lyndon',17,203644,0,'Douglas'),(1,'Machado',17,203645,0,'Douglas'),(1,'Renato',17,203646,0,'Douglas'),(1,'Vitorino',17,203647,0,'Douglas'),(1,'Wilian',17,203648,0,'Douglas'),(1,'Douglas',17,203649,0,'Joni'),(1,'Joni',17,203650,0,'Joni'),(1,'Lyndon',17,203651,0,'Joni'),(1,'Machado',17,203652,0,'Joni'),(1,'Renato',17,203653,0,'Joni'),(1,'Vitorino',17,203654,0,'Joni'),(1,'Wilian',17,203655,0,'Joni'),(1,'Douglas',17,203656,0,'Lyndon'),(1,'Joni',17,203657,0,'Lyndon'),(1,'Lyndon',17,203658,0,'Lyndon'),(1,'Machado',17,203659,0,'Lyndon'),(1,'Renato',17,203660,0,'Lyndon'),(1,'Vitorino',17,203661,0,'Lyndon'),(1,'Wilian',17,203662,0,'Lyndon'),(1,'Douglas',17,203663,0,'Machado'),(1,'Joni',17,203664,0,'Machado'),(1,'Lyndon',17,203665,0,'Machado'),(1,'Machado',17,203666,0,'Machado'),(1,'Renato',17,203667,0,'Machado'),(1,'Vitorino',17,203668,0,'Machado'),(1,'Wilian',17,203669,0,'Machado'),(1,'Douglas',17,203670,0,'Renato'),(1,'Joni',17,203671,0,'Renato'),(1,'Lyndon',17,203672,0,'Renato'),(1,'Machado',17,203673,0,'Renato'),(1,'Renato',17,203674,0,'Renato'),(1,'Vitorino',17,203675,0,'Renato'),(1,'Wilian',17,203676,0,'Renato'),(1,'Douglas',17,203677,0,'Vitorino'),(1,'Joni',17,203678,0,'Vitorino'),(1,'Lyndon',17,203679,0,'Vitorino'),(1,'Machado',17,203680,0,'Vitorino'),(1,'Renato',17,203681,0,'Vitorino'),(1,'Vitorino',17,203682,0,'Vitorino'),(1,'Wilian',17,203683,0,'Vitorino'),(1,'Douglas',17,203684,0,'Wilian'),(1,'Joni',17,203685,0,'Wilian'),(1,'Lyndon',17,203686,0,'Wilian'),(1,'Machado',17,203687,0,'Wilian'),(1,'Renato',17,203688,0,'Wilian'),(1,'Vitorino',17,203689,0,'Wilian'),(1,'Wilian',17,203690,0,'Wilian'),(1,'Douglas',18,203691,0,'Douglas'),(1,'Joni',18,203692,0,'Douglas'),(1,'Lyndon',18,203693,0,'Douglas'),(1,'Machado',18,203694,0,'Douglas'),(1,'Renato',18,203695,0,'Douglas'),(1,'Vitorino',18,203696,0,'Douglas'),(1,'Wilian',18,203697,0,'Douglas'),(1,'Douglas',18,203698,0,'Joni'),(1,'Joni',18,203699,0,'Joni'),(1,'Lyndon',18,203700,0,'Joni'),(1,'Machado',18,203701,0,'Joni'),(1,'Renato',18,203702,0,'Joni'),(1,'Vitorino',18,203703,0,'Joni'),(1,'Wilian',18,203704,0,'Joni'),(1,'Douglas',18,203705,0,'Lyndon'),(1,'Joni',18,203706,0,'Lyndon'),(1,'Lyndon',18,203707,0,'Lyndon'),(1,'Machado',18,203708,0,'Lyndon'),(1,'Renato',18,203709,0,'Lyndon'),(1,'Vitorino',18,203710,0,'Lyndon'),(1,'Wilian',18,203711,0,'Lyndon'),(1,'Douglas',18,203712,0,'Machado'),(1,'Joni',18,203713,0,'Machado'),(1,'Lyndon',18,203714,0,'Machado'),(1,'Machado',18,203715,0,'Machado'),(1,'Renato',18,203716,0,'Machado'),(1,'Vitorino',18,203717,0,'Machado'),(1,'Wilian',18,203718,0,'Machado'),(1,'Douglas',18,203719,0,'Renato'),(1,'Joni',18,203720,0,'Renato'),(1,'Lyndon',18,203721,0,'Renato'),(1,'Machado',18,203722,0,'Renato'),(1,'Renato',18,203723,0,'Renato'),(1,'Vitorino',18,203724,0,'Renato'),(1,'Wilian',18,203725,0,'Renato'),(1,'Douglas',18,203726,0,'Vitorino'),(1,'Joni',18,203727,0,'Vitorino'),(1,'Lyndon',18,203728,0,'Vitorino'),(1,'Machado',18,203729,0,'Vitorino'),(1,'Renato',18,203730,0,'Vitorino'),(1,'Vitorino',18,203731,0,'Vitorino'),(1,'Wilian',18,203732,0,'Vitorino'),(1,'Douglas',18,203733,0,'Wilian'),(1,'Joni',18,203734,0,'Wilian'),(1,'Lyndon',18,203735,0,'Wilian'),(1,'Machado',18,203736,0,'Wilian'),(1,'Renato',18,203737,0,'Wilian'),(1,'Vitorino',18,203738,0,'Wilian'),(1,'Wilian',18,203739,0,'Wilian'),(1,'Douglas',19,203740,0,'Douglas'),(1,'Joni',19,203741,0,'Douglas'),(1,'Lyndon',19,203742,0,'Douglas'),(1,'Machado',19,203743,0,'Douglas'),(1,'Renato',19,203744,0,'Douglas'),(1,'Vitorino',19,203745,0,'Douglas'),(1,'Wilian',19,203746,0,'Douglas'),(1,'Douglas',19,203747,0,'Joni'),(1,'Joni',19,203748,0,'Joni'),(1,'Lyndon',19,203749,0,'Joni'),(1,'Machado',19,203750,0,'Joni'),(1,'Renato',19,203751,0,'Joni'),(1,'Vitorino',19,203752,0,'Joni'),(1,'Wilian',19,203753,0,'Joni'),(1,'Douglas',19,203754,0,'Lyndon'),(1,'Joni',19,203755,0,'Lyndon'),(1,'Lyndon',19,203756,0,'Lyndon'),(1,'Machado',19,203757,0,'Lyndon'),(1,'Renato',19,203758,0,'Lyndon'),(1,'Vitorino',19,203759,0,'Lyndon'),(1,'Wilian',19,203760,0,'Lyndon'),(1,'Douglas',19,203761,0,'Machado'),(1,'Joni',19,203762,0,'Machado'),(1,'Lyndon',19,203763,0,'Machado'),(1,'Machado',19,203764,0,'Machado'),(1,'Renato',19,203765,0,'Machado'),(1,'Vitorino',19,203766,0,'Machado'),(1,'Wilian',19,203767,0,'Machado'),(1,'Douglas',19,203768,0,'Renato'),(1,'Joni',19,203769,0,'Renato'),(1,'Lyndon',19,203770,0,'Renato'),(1,'Machado',19,203771,0,'Renato'),(1,'Renato',19,203772,0,'Renato'),(1,'Vitorino',19,203773,0,'Renato'),(1,'Wilian',19,203774,0,'Renato'),(1,'Douglas',19,203775,0,'Vitorino'),(1,'Joni',19,203776,0,'Vitorino'),(1,'Lyndon',19,203777,0,'Vitorino'),(1,'Machado',19,203778,0,'Vitorino'),(1,'Renato',19,203779,0,'Vitorino'),(1,'Vitorino',19,203780,0,'Vitorino'),(1,'Wilian',19,203781,0,'Vitorino'),(1,'Douglas',19,203782,0,'Wilian'),(1,'Joni',19,203783,0,'Wilian'),(1,'Lyndon',19,203784,0,'Wilian'),(1,'Machado',19,203785,0,'Wilian'),(1,'Renato',19,203786,0,'Wilian'),(1,'Vitorino',19,203787,0,'Wilian'),(1,'Wilian',19,203788,0,'Wilian'),(1,'Douglas',20,203789,0,'Douglas'),(1,'Joni',20,203790,0,'Douglas'),(1,'Lyndon',20,203791,0,'Douglas'),(1,'Machado',20,203792,0,'Douglas'),(1,'Renato',20,203793,0,'Douglas'),(1,'Vitorino',20,203794,0,'Douglas'),(1,'Wilian',20,203795,0,'Douglas'),(1,'Douglas',20,203796,0,'Joni'),(1,'Joni',20,203797,0,'Joni'),(1,'Lyndon',20,203798,0,'Joni'),(1,'Machado',20,203799,0,'Joni'),(1,'Renato',20,203800,0,'Joni'),(1,'Vitorino',20,203801,0,'Joni'),(1,'Wilian',20,203802,0,'Joni'),(1,'Douglas',20,203803,0,'Lyndon'),(1,'Joni',20,203804,0,'Lyndon'),(1,'Lyndon',20,203805,0,'Lyndon'),(1,'Machado',20,203806,0,'Lyndon'),(1,'Renato',20,203807,0,'Lyndon'),(1,'Vitorino',20,203808,0,'Lyndon'),(1,'Wilian',20,203809,0,'Lyndon'),(1,'Douglas',20,203810,0,'Machado'),(1,'Joni',20,203811,0,'Machado'),(1,'Lyndon',20,203812,0,'Machado'),(1,'Machado',20,203813,0,'Machado'),(1,'Renato',20,203814,0,'Machado'),(1,'Vitorino',20,203815,0,'Machado'),(1,'Wilian',20,203816,0,'Machado'),(1,'Douglas',20,203817,0,'Renato'),(1,'Joni',20,203818,0,'Renato'),(1,'Lyndon',20,203819,0,'Renato'),(1,'Machado',20,203820,0,'Renato'),(1,'Renato',20,203821,0,'Renato'),(1,'Vitorino',20,203822,0,'Renato'),(1,'Wilian',20,203823,0,'Renato'),(1,'Douglas',20,203824,0,'Vitorino'),(1,'Joni',20,203825,0,'Vitorino'),(1,'Lyndon',20,203826,0,'Vitorino'),(1,'Machado',20,203827,0,'Vitorino'),(1,'Renato',20,203828,0,'Vitorino'),(1,'Vitorino',20,203829,0,'Vitorino'),(1,'Wilian',20,203830,0,'Vitorino'),(1,'Douglas',20,203831,0,'Wilian'),(1,'Joni',20,203832,0,'Wilian'),(1,'Lyndon',20,203833,0,'Wilian'),(1,'Machado',20,203834,0,'Wilian'),(1,'Renato',20,203835,0,'Wilian'),(1,'Vitorino',20,203836,0,'Wilian'),(1,'Wilian',20,203837,0,'Wilian'),(1,'Douglas',21,203838,0,'Douglas'),(1,'Joni',21,203839,0,'Douglas'),(1,'Lyndon',21,203840,0,'Douglas'),(1,'Machado',21,203841,0,'Douglas'),(1,'Renato',21,203842,0,'Douglas'),(1,'Vitorino',21,203843,0,'Douglas'),(1,'Wilian',21,203844,0,'Douglas'),(1,'Douglas',21,203845,0,'Joni'),(1,'Joni',21,203846,0,'Joni'),(1,'Lyndon',21,203847,0,'Joni'),(1,'Machado',21,203848,0,'Joni'),(1,'Renato',21,203849,0,'Joni'),(1,'Vitorino',21,203850,0,'Joni'),(1,'Wilian',21,203851,0,'Joni'),(1,'Douglas',21,203852,0,'Lyndon'),(1,'Joni',21,203853,0,'Lyndon'),(1,'Lyndon',21,203854,0,'Lyndon'),(1,'Machado',21,203855,0,'Lyndon'),(1,'Renato',21,203856,0,'Lyndon'),(1,'Vitorino',21,203857,0,'Lyndon'),(1,'Wilian',21,203858,0,'Lyndon'),(1,'Douglas',21,203859,0,'Machado'),(1,'Joni',21,203860,0,'Machado'),(1,'Lyndon',21,203861,0,'Machado'),(1,'Machado',21,203862,0,'Machado'),(1,'Renato',21,203863,0,'Machado'),(1,'Vitorino',21,203864,0,'Machado'),(1,'Wilian',21,203865,0,'Machado'),(1,'Douglas',21,203866,0,'Renato'),(1,'Joni',21,203867,0,'Renato'),(1,'Lyndon',21,203868,0,'Renato'),(1,'Machado',21,203869,0,'Renato'),(1,'Renato',21,203870,0,'Renato'),(1,'Vitorino',21,203871,0,'Renato'),(1,'Wilian',21,203872,0,'Renato'),(1,'Douglas',21,203873,0,'Vitorino'),(1,'Joni',21,203874,0,'Vitorino'),(1,'Lyndon',21,203875,0,'Vitorino'),(1,'Machado',21,203876,0,'Vitorino'),(1,'Renato',21,203877,0,'Vitorino'),(1,'Vitorino',21,203878,0,'Vitorino'),(1,'Wilian',21,203879,0,'Vitorino'),(1,'Douglas',21,203880,0,'Wilian'),(1,'Joni',21,203881,0,'Wilian'),(1,'Lyndon',21,203882,0,'Wilian'),(1,'Machado',21,203883,0,'Wilian'),(1,'Renato',21,203884,0,'Wilian'),(1,'Vitorino',21,203885,0,'Wilian'),(1,'Wilian',21,203886,0,'Wilian'),(1,'Douglas',22,203887,0,'Douglas'),(1,'Joni',22,203888,0,'Douglas'),(1,'Lyndon',22,203889,0,'Douglas'),(1,'Machado',22,203890,0,'Douglas'),(1,'Renato',22,203891,0,'Douglas'),(1,'Vitorino',22,203892,0,'Douglas'),(1,'Wilian',22,203893,0,'Douglas'),(1,'Douglas',22,203894,0,'Joni'),(1,'Joni',22,203895,0,'Joni'),(1,'Lyndon',22,203896,0,'Joni'),(1,'Machado',22,203897,0,'Joni'),(1,'Renato',22,203898,0,'Joni'),(1,'Vitorino',22,203899,0,'Joni'),(1,'Wilian',22,203900,0,'Joni'),(1,'Douglas',22,203901,0,'Lyndon'),(1,'Joni',22,203902,0,'Lyndon'),(1,'Lyndon',22,203903,0,'Lyndon'),(1,'Machado',22,203904,0,'Lyndon'),(1,'Renato',22,203905,0,'Lyndon'),(1,'Vitorino',22,203906,0,'Lyndon'),(1,'Wilian',22,203907,0,'Lyndon'),(1,'Douglas',22,203908,0,'Machado'),(1,'Joni',22,203909,0,'Machado'),(1,'Lyndon',22,203910,0,'Machado'),(1,'Machado',22,203911,0,'Machado'),(1,'Renato',22,203912,0,'Machado'),(1,'Vitorino',22,203913,0,'Machado'),(1,'Wilian',22,203914,0,'Machado'),(1,'Douglas',22,203915,0,'Renato'),(1,'Joni',22,203916,0,'Renato'),(1,'Lyndon',22,203917,0,'Renato'),(1,'Machado',22,203918,0,'Renato'),(1,'Renato',22,203919,0,'Renato'),(1,'Vitorino',22,203920,0,'Renato'),(1,'Wilian',22,203921,0,'Renato'),(1,'Douglas',22,203922,0,'Vitorino'),(1,'Joni',22,203923,0,'Vitorino'),(1,'Lyndon',22,203924,0,'Vitorino'),(1,'Machado',22,203925,0,'Vitorino'),(1,'Renato',22,203926,0,'Vitorino'),(1,'Vitorino',22,203927,0,'Vitorino'),(1,'Wilian',22,203928,0,'Vitorino'),(1,'Douglas',22,203929,0,'Wilian'),(1,'Joni',22,203930,0,'Wilian'),(1,'Lyndon',22,203931,0,'Wilian'),(1,'Machado',22,203932,0,'Wilian'),(1,'Renato',22,203933,0,'Wilian'),(1,'Vitorino',22,203934,0,'Wilian'),(1,'Wilian',22,203935,0,'Wilian'),(1,'Douglas',23,203936,0,'Douglas'),(1,'Joni',23,203937,0,'Douglas'),(1,'Lyndon',23,203938,0,'Douglas'),(1,'Machado',23,203939,0,'Douglas'),(1,'Renato',23,203940,0,'Douglas'),(1,'Vitorino',23,203941,0,'Douglas'),(1,'Wilian',23,203942,0,'Douglas'),(1,'Douglas',23,203943,0,'Joni'),(1,'Joni',23,203944,0,'Joni'),(1,'Lyndon',23,203945,0,'Joni'),(1,'Machado',23,203946,0,'Joni'),(1,'Renato',23,203947,0,'Joni'),(1,'Vitorino',23,203948,0,'Joni'),(1,'Wilian',23,203949,0,'Joni'),(1,'Douglas',23,203950,0,'Lyndon'),(1,'Joni',23,203951,0,'Lyndon'),(1,'Lyndon',23,203952,0,'Lyndon'),(1,'Machado',23,203953,0,'Lyndon'),(1,'Renato',23,203954,0,'Lyndon'),(1,'Vitorino',23,203955,0,'Lyndon'),(1,'Wilian',23,203956,0,'Lyndon'),(1,'Douglas',23,203957,0,'Machado'),(1,'Joni',23,203958,0,'Machado'),(1,'Lyndon',23,203959,0,'Machado'),(1,'Machado',23,203960,0,'Machado'),(1,'Renato',23,203961,0,'Machado'),(1,'Vitorino',23,203962,0,'Machado'),(1,'Wilian',23,203963,0,'Machado'),(1,'Douglas',23,203964,0,'Renato'),(1,'Joni',23,203965,0,'Renato'),(1,'Lyndon',23,203966,0,'Renato'),(1,'Machado',23,203967,0,'Renato'),(1,'Renato',23,203968,0,'Renato'),(1,'Vitorino',23,203969,0,'Renato'),(1,'Wilian',23,203970,0,'Renato'),(1,'Douglas',23,203971,0,'Vitorino'),(1,'Joni',23,203972,0,'Vitorino'),(1,'Lyndon',23,203973,0,'Vitorino'),(1,'Machado',23,203974,0,'Vitorino'),(1,'Renato',23,203975,0,'Vitorino'),(1,'Vitorino',23,203976,0,'Vitorino'),(1,'Wilian',23,203977,0,'Vitorino'),(1,'Douglas',23,203978,0,'Wilian'),(1,'Joni',23,203979,0,'Wilian'),(1,'Lyndon',23,203980,0,'Wilian'),(1,'Machado',23,203981,0,'Wilian'),(1,'Renato',23,203982,0,'Wilian'),(1,'Vitorino',23,203983,0,'Wilian'),(1,'Wilian',23,203984,0,'Wilian'),(1,'Douglas',24,203985,0,'Douglas'),(1,'Joni',24,203986,0,'Douglas'),(1,'Lyndon',24,203987,0,'Douglas'),(1,'Machado',24,203988,0,'Douglas'),(1,'Renato',24,203989,0,'Douglas'),(1,'Vitorino',24,203990,0,'Douglas'),(1,'Wilian',24,203991,0,'Douglas'),(1,'Douglas',24,203992,0,'Joni'),(1,'Joni',24,203993,0,'Joni'),(1,'Lyndon',24,203994,0,'Joni'),(1,'Machado',24,203995,0,'Joni'),(1,'Renato',24,203996,0,'Joni'),(1,'Vitorino',24,203997,0,'Joni'),(1,'Wilian',24,203998,0,'Joni'),(1,'Douglas',24,203999,0,'Lyndon'),(1,'Joni',24,204000,0,'Lyndon'),(1,'Lyndon',24,204001,0,'Lyndon'),(1,'Machado',24,204002,0,'Lyndon'),(1,'Renato',24,204003,0,'Lyndon'),(1,'Vitorino',24,204004,0,'Lyndon'),(1,'Wilian',24,204005,0,'Lyndon'),(1,'Douglas',24,204006,0,'Machado'),(1,'Joni',24,204007,0,'Machado'),(1,'Lyndon',24,204008,0,'Machado'),(1,'Machado',24,204009,0,'Machado'),(1,'Renato',24,204010,0,'Machado'),(1,'Vitorino',24,204011,0,'Machado'),(1,'Wilian',24,204012,0,'Machado'),(1,'Douglas',24,204013,0,'Renato'),(1,'Joni',24,204014,0,'Renato'),(1,'Lyndon',24,204015,0,'Renato'),(1,'Machado',24,204016,0,'Renato'),(1,'Renato',24,204017,0,'Renato'),(1,'Vitorino',24,204018,0,'Renato'),(1,'Wilian',24,204019,0,'Renato'),(1,'Douglas',24,204020,0,'Vitorino'),(1,'Joni',24,204021,0,'Vitorino'),(1,'Lyndon',24,204022,0,'Vitorino'),(1,'Machado',24,204023,0,'Vitorino'),(1,'Renato',24,204024,0,'Vitorino'),(1,'Vitorino',24,204025,0,'Vitorino'),(1,'Wilian',24,204026,0,'Vitorino'),(1,'Douglas',24,204027,0,'Wilian'),(1,'Joni',24,204028,0,'Wilian'),(1,'Lyndon',24,204029,0,'Wilian'),(1,'Machado',24,204030,0,'Wilian'),(1,'Renato',24,204031,0,'Wilian'),(1,'Vitorino',24,204032,0,'Wilian'),(1,'Wilian',24,204033,0,'Wilian'),(1,'Douglas',25,204034,0,'Douglas'),(1,'Joni',25,204035,0,'Douglas'),(1,'Lyndon',25,204036,0,'Douglas'),(1,'Machado',25,204037,0,'Douglas'),(1,'Renato',25,204038,0,'Douglas'),(1,'Vitorino',25,204039,0,'Douglas'),(1,'Wilian',25,204040,0,'Douglas'),(1,'Douglas',25,204041,0,'Joni'),(1,'Joni',25,204042,0,'Joni'),(1,'Lyndon',25,204043,0,'Joni'),(1,'Machado',25,204044,0,'Joni'),(1,'Renato',25,204045,0,'Joni'),(1,'Vitorino',25,204046,0,'Joni'),(1,'Wilian',25,204047,0,'Joni'),(1,'Douglas',25,204048,0,'Lyndon'),(1,'Joni',25,204049,0,'Lyndon'),(1,'Lyndon',25,204050,0,'Lyndon'),(1,'Machado',25,204051,0,'Lyndon'),(1,'Renato',25,204052,0,'Lyndon'),(1,'Vitorino',25,204053,0,'Lyndon'),(1,'Wilian',25,204054,0,'Lyndon'),(1,'Douglas',25,204055,0,'Machado'),(1,'Joni',25,204056,0,'Machado'),(1,'Lyndon',25,204057,0,'Machado'),(1,'Machado',25,204058,0,'Machado'),(1,'Renato',25,204059,0,'Machado'),(1,'Vitorino',25,204060,0,'Machado'),(1,'Wilian',25,204061,0,'Machado'),(1,'Douglas',25,204062,0,'Renato'),(1,'Joni',25,204063,0,'Renato'),(1,'Lyndon',25,204064,0,'Renato'),(1,'Machado',25,204065,0,'Renato'),(1,'Renato',25,204066,0,'Renato'),(1,'Vitorino',25,204067,0,'Renato'),(1,'Wilian',25,204068,0,'Renato'),(1,'Douglas',25,204069,0,'Vitorino'),(1,'Joni',25,204070,0,'Vitorino'),(1,'Lyndon',25,204071,0,'Vitorino'),(1,'Machado',25,204072,0,'Vitorino'),(1,'Renato',25,204073,0,'Vitorino'),(1,'Vitorino',25,204074,0,'Vitorino'),(1,'Wilian',25,204075,0,'Vitorino'),(1,'Douglas',25,204076,0,'Wilian'),(1,'Joni',25,204077,0,'Wilian'),(1,'Lyndon',25,204078,0,'Wilian'),(1,'Machado',25,204079,0,'Wilian'),(1,'Renato',25,204080,0,'Wilian'),(1,'Vitorino',25,204081,0,'Wilian'),(1,'Wilian',25,204082,0,'Wilian'),(1,'Douglas',26,204083,0,'Douglas'),(1,'Joni',26,204084,0,'Douglas'),(1,'Lyndon',26,204085,0,'Douglas'),(1,'Machado',26,204086,0,'Douglas'),(1,'Renato',26,204087,0,'Douglas'),(1,'Vitorino',26,204088,0,'Douglas'),(1,'Wilian',26,204089,0,'Douglas'),(1,'Douglas',26,204090,0,'Joni'),(1,'Joni',26,204091,0,'Joni'),(1,'Lyndon',26,204092,0,'Joni'),(1,'Machado',26,204093,0,'Joni'),(1,'Renato',26,204094,0,'Joni'),(1,'Vitorino',26,204095,0,'Joni'),(1,'Wilian',26,204096,0,'Joni'),(1,'Douglas',26,204097,0,'Lyndon'),(1,'Joni',26,204098,0,'Lyndon'),(1,'Lyndon',26,204099,0,'Lyndon'),(1,'Machado',26,204100,0,'Lyndon'),(1,'Renato',26,204101,0,'Lyndon'),(1,'Vitorino',26,204102,0,'Lyndon'),(1,'Wilian',26,204103,0,'Lyndon'),(1,'Douglas',26,204104,0,'Machado'),(1,'Joni',26,204105,0,'Machado'),(1,'Lyndon',26,204106,0,'Machado'),(1,'Machado',26,204107,0,'Machado'),(1,'Renato',26,204108,0,'Machado'),(1,'Vitorino',26,204109,0,'Machado'),(1,'Wilian',26,204110,0,'Machado'),(1,'Douglas',26,204111,0,'Renato'),(1,'Joni',26,204112,0,'Renato'),(1,'Lyndon',26,204113,0,'Renato'),(1,'Machado',26,204114,0,'Renato'),(1,'Renato',26,204115,0,'Renato'),(1,'Vitorino',26,204116,0,'Renato'),(1,'Wilian',26,204117,0,'Renato'),(1,'Douglas',26,204118,0,'Vitorino'),(1,'Joni',26,204119,0,'Vitorino'),(1,'Lyndon',26,204120,0,'Vitorino'),(1,'Machado',26,204121,0,'Vitorino'),(1,'Renato',26,204122,0,'Vitorino'),(1,'Vitorino',26,204123,0,'Vitorino'),(1,'Wilian',26,204124,0,'Vitorino'),(1,'Douglas',26,204125,0,'Wilian'),(1,'Joni',26,204126,0,'Wilian'),(1,'Lyndon',26,204127,0,'Wilian'),(1,'Machado',26,204128,0,'Wilian'),(1,'Renato',26,204129,0,'Wilian'),(1,'Vitorino',26,204130,0,'Wilian'),(1,'Wilian',26,204131,0,'Wilian'),(1,'Douglas',27,204132,0,'Douglas'),(1,'Joni',27,204133,0,'Douglas'),(1,'Lyndon',27,204134,0,'Douglas'),(1,'Machado',27,204135,0,'Douglas'),(1,'Renato',27,204136,0,'Douglas'),(1,'Vitorino',27,204137,0,'Douglas'),(1,'Wilian',27,204138,0,'Douglas'),(1,'Douglas',27,204139,0,'Joni'),(1,'Joni',27,204140,0,'Joni'),(1,'Lyndon',27,204141,0,'Joni'),(1,'Machado',27,204142,0,'Joni'),(1,'Renato',27,204143,0,'Joni'),(1,'Vitorino',27,204144,0,'Joni'),(1,'Wilian',27,204145,0,'Joni'),(1,'Douglas',27,204146,0,'Lyndon'),(1,'Joni',27,204147,0,'Lyndon'),(1,'Lyndon',27,204148,0,'Lyndon'),(1,'Machado',27,204149,0,'Lyndon'),(1,'Renato',27,204150,0,'Lyndon'),(1,'Vitorino',27,204151,0,'Lyndon'),(1,'Wilian',27,204152,0,'Lyndon'),(1,'Douglas',27,204153,0,'Machado'),(1,'Joni',27,204154,0,'Machado'),(1,'Lyndon',27,204155,0,'Machado'),(1,'Machado',27,204156,0,'Machado'),(1,'Renato',27,204157,0,'Machado'),(1,'Vitorino',27,204158,0,'Machado'),(1,'Wilian',27,204159,0,'Machado'),(1,'Douglas',27,204160,0,'Renato'),(1,'Joni',27,204161,0,'Renato'),(1,'Lyndon',27,204162,0,'Renato'),(1,'Machado',27,204163,0,'Renato'),(1,'Renato',27,204164,0,'Renato'),(1,'Vitorino',27,204165,0,'Renato'),(1,'Wilian',27,204166,0,'Renato'),(1,'Douglas',27,204167,0,'Vitorino'),(1,'Joni',27,204168,0,'Vitorino'),(1,'Lyndon',27,204169,0,'Vitorino'),(1,'Machado',27,204170,0,'Vitorino'),(1,'Renato',27,204171,0,'Vitorino'),(1,'Vitorino',27,204172,0,'Vitorino'),(1,'Wilian',27,204173,0,'Vitorino'),(1,'Douglas',27,204174,0,'Wilian'),(1,'Joni',27,204175,0,'Wilian'),(1,'Lyndon',27,204176,0,'Wilian'),(1,'Machado',27,204177,0,'Wilian'),(1,'Renato',27,204178,0,'Wilian'),(1,'Vitorino',27,204179,0,'Wilian'),(1,'Wilian',27,204180,0,'Wilian'),(1,'Douglas',28,204181,0,'Douglas'),(1,'Joni',28,204182,0,'Douglas'),(1,'Lyndon',28,204183,0,'Douglas'),(1,'Machado',28,204184,0,'Douglas'),(1,'Renato',28,204185,0,'Douglas'),(1,'Vitorino',28,204186,0,'Douglas'),(1,'Wilian',28,204187,0,'Douglas'),(1,'Douglas',28,204188,0,'Joni'),(1,'Joni',28,204189,0,'Joni'),(1,'Lyndon',28,204190,0,'Joni'),(1,'Machado',28,204191,0,'Joni'),(1,'Renato',28,204192,0,'Joni'),(1,'Vitorino',28,204193,0,'Joni'),(1,'Wilian',28,204194,0,'Joni'),(1,'Douglas',28,204195,0,'Lyndon'),(1,'Joni',28,204196,0,'Lyndon'),(1,'Lyndon',28,204197,0,'Lyndon'),(1,'Machado',28,204198,0,'Lyndon'),(1,'Renato',28,204199,0,'Lyndon'),(1,'Vitorino',28,204200,0,'Lyndon'),(1,'Wilian',28,204201,0,'Lyndon'),(1,'Douglas',28,204202,0,'Machado'),(1,'Joni',28,204203,0,'Machado'),(1,'Lyndon',28,204204,0,'Machado'),(1,'Machado',28,204205,0,'Machado'),(1,'Renato',28,204206,0,'Machado'),(1,'Vitorino',28,204207,0,'Machado'),(1,'Wilian',28,204208,0,'Machado'),(1,'Douglas',28,204209,0,'Renato'),(1,'Joni',28,204210,0,'Renato'),(1,'Lyndon',28,204211,0,'Renato'),(1,'Machado',28,204212,0,'Renato'),(1,'Renato',28,204213,0,'Renato'),(1,'Vitorino',28,204214,0,'Renato'),(1,'Wilian',28,204215,0,'Renato'),(1,'Douglas',28,204216,0,'Vitorino'),(1,'Joni',28,204217,0,'Vitorino'),(1,'Lyndon',28,204218,0,'Vitorino'),(1,'Machado',28,204219,0,'Vitorino'),(1,'Renato',28,204220,0,'Vitorino'),(1,'Vitorino',28,204221,0,'Vitorino'),(1,'Wilian',28,204222,0,'Vitorino'),(1,'Douglas',28,204223,0,'Wilian'),(1,'Joni',28,204224,0,'Wilian'),(1,'Lyndon',28,204225,0,'Wilian'),(1,'Machado',28,204226,0,'Wilian'),(1,'Renato',28,204227,0,'Wilian'),(1,'Vitorino',28,204228,0,'Wilian'),(1,'Wilian',28,204229,0,'Wilian'),(1,'Douglas',29,204230,0,'Douglas'),(1,'Joni',29,204231,0,'Douglas'),(1,'Lyndon',29,204232,0,'Douglas'),(1,'Machado',29,204233,0,'Douglas'),(1,'Renato',29,204234,0,'Douglas'),(1,'Vitorino',29,204235,0,'Douglas'),(1,'Wilian',29,204236,0,'Douglas'),(1,'Douglas',29,204237,0,'Joni'),(1,'Joni',29,204238,0,'Joni'),(1,'Lyndon',29,204239,0,'Joni'),(1,'Machado',29,204240,0,'Joni'),(1,'Renato',29,204241,0,'Joni'),(1,'Vitorino',29,204242,0,'Joni'),(1,'Wilian',29,204243,0,'Joni'),(1,'Douglas',29,204244,0,'Lyndon'),(1,'Joni',29,204245,0,'Lyndon'),(1,'Lyndon',29,204246,0,'Lyndon'),(1,'Machado',29,204247,0,'Lyndon'),(1,'Renato',29,204248,0,'Lyndon'),(1,'Vitorino',29,204249,0,'Lyndon'),(1,'Wilian',29,204250,0,'Lyndon'),(1,'Douglas',29,204251,0,'Machado'),(1,'Joni',29,204252,0,'Machado'),(1,'Lyndon',29,204253,0,'Machado'),(1,'Machado',29,204254,0,'Machado'),(1,'Renato',29,204255,0,'Machado'),(1,'Vitorino',29,204256,0,'Machado'),(1,'Wilian',29,204257,0,'Machado'),(1,'Douglas',29,204258,0,'Renato'),(1,'Joni',29,204259,0,'Renato'),(1,'Lyndon',29,204260,0,'Renato'),(1,'Machado',29,204261,0,'Renato'),(1,'Renato',29,204262,0,'Renato'),(1,'Vitorino',29,204263,0,'Renato'),(1,'Wilian',29,204264,0,'Renato'),(1,'Douglas',29,204265,0,'Vitorino'),(1,'Joni',29,204266,0,'Vitorino'),(1,'Lyndon',29,204267,0,'Vitorino'),(1,'Machado',29,204268,0,'Vitorino'),(1,'Renato',29,204269,0,'Vitorino'),(1,'Vitorino',29,204270,0,'Vitorino'),(1,'Wilian',29,204271,0,'Vitorino'),(1,'Douglas',29,204272,0,'Wilian'),(1,'Joni',29,204273,0,'Wilian'),(1,'Lyndon',29,204274,0,'Wilian'),(1,'Machado',29,204275,0,'Wilian'),(1,'Renato',29,204276,0,'Wilian'),(1,'Vitorino',29,204277,0,'Wilian'),(1,'Wilian',29,204278,0,'Wilian'),(1,'Douglas',30,204279,0,'Douglas'),(1,'Joni',30,204280,0,'Douglas'),(1,'Lyndon',30,204281,0,'Douglas'),(1,'Machado',30,204282,0,'Douglas'),(1,'Renato',30,204283,0,'Douglas'),(1,'Vitorino',30,204284,0,'Douglas'),(1,'Wilian',30,204285,0,'Douglas'),(1,'Douglas',30,204286,0,'Joni'),(1,'Joni',30,204287,0,'Joni'),(1,'Lyndon',30,204288,0,'Joni'),(1,'Machado',30,204289,0,'Joni'),(1,'Renato',30,204290,0,'Joni'),(1,'Vitorino',30,204291,0,'Joni'),(1,'Wilian',30,204292,0,'Joni'),(1,'Douglas',30,204293,0,'Lyndon'),(1,'Joni',30,204294,0,'Lyndon'),(1,'Lyndon',30,204295,0,'Lyndon'),(1,'Machado',30,204296,0,'Lyndon'),(1,'Renato',30,204297,0,'Lyndon'),(1,'Vitorino',30,204298,0,'Lyndon'),(1,'Wilian',30,204299,0,'Lyndon'),(1,'Douglas',30,204300,0,'Machado'),(1,'Joni',30,204301,0,'Machado'),(1,'Lyndon',30,204302,0,'Machado'),(1,'Machado',30,204303,0,'Machado'),(1,'Renato',30,204304,0,'Machado'),(1,'Vitorino',30,204305,0,'Machado'),(1,'Wilian',30,204306,0,'Machado'),(1,'Douglas',30,204307,0,'Renato'),(1,'Joni',30,204308,0,'Renato'),(1,'Lyndon',30,204309,0,'Renato'),(1,'Machado',30,204310,0,'Renato'),(1,'Renato',30,204311,0,'Renato'),(1,'Vitorino',30,204312,0,'Renato'),(1,'Wilian',30,204313,0,'Renato'),(1,'Douglas',30,204314,0,'Vitorino'),(1,'Joni',30,204315,0,'Vitorino'),(1,'Lyndon',30,204316,0,'Vitorino'),(1,'Machado',30,204317,0,'Vitorino'),(1,'Renato',30,204318,0,'Vitorino'),(1,'Vitorino',30,204319,0,'Vitorino'),(1,'Wilian',30,204320,0,'Vitorino'),(1,'Douglas',30,204321,0,'Wilian'),(1,'Joni',30,204322,0,'Wilian'),(1,'Lyndon',30,204323,0,'Wilian'),(1,'Machado',30,204324,0,'Wilian'),(1,'Renato',30,204325,0,'Wilian'),(1,'Vitorino',30,204326,0,'Wilian'),(1,'Wilian',30,204327,0,'Wilian'),(1,'Douglas',31,204328,0,'Douglas'),(1,'Joni',31,204329,0,'Douglas'),(1,'Lyndon',31,204330,0,'Douglas'),(1,'Machado',31,204331,0,'Douglas'),(1,'Renato',31,204332,0,'Douglas'),(1,'Vitorino',31,204333,0,'Douglas'),(1,'Wilian',31,204334,0,'Douglas'),(1,'Douglas',31,204335,0,'Joni'),(1,'Joni',31,204336,0,'Joni'),(1,'Lyndon',31,204337,0,'Joni'),(1,'Machado',31,204338,0,'Joni'),(1,'Renato',31,204339,0,'Joni'),(1,'Vitorino',31,204340,0,'Joni'),(1,'Wilian',31,204341,0,'Joni'),(1,'Douglas',31,204342,0,'Lyndon'),(1,'Joni',31,204343,0,'Lyndon'),(1,'Lyndon',31,204344,0,'Lyndon'),(1,'Machado',31,204345,0,'Lyndon'),(1,'Renato',31,204346,0,'Lyndon'),(1,'Vitorino',31,204347,0,'Lyndon'),(1,'Wilian',31,204348,0,'Lyndon'),(1,'Douglas',31,204349,0,'Machado'),(1,'Joni',31,204350,0,'Machado'),(1,'Lyndon',31,204351,0,'Machado'),(1,'Machado',31,204352,0,'Machado'),(1,'Renato',31,204353,0,'Machado'),(1,'Vitorino',31,204354,0,'Machado'),(1,'Wilian',31,204355,0,'Machado'),(1,'Douglas',31,204356,0,'Renato'),(1,'Joni',31,204357,0,'Renato'),(1,'Lyndon',31,204358,0,'Renato'),(1,'Machado',31,204359,0,'Renato'),(1,'Renato',31,204360,0,'Renato'),(1,'Vitorino',31,204361,0,'Renato'),(1,'Wilian',31,204362,0,'Renato'),(1,'Douglas',31,204363,0,'Vitorino'),(1,'Joni',31,204364,0,'Vitorino'),(1,'Lyndon',31,204365,0,'Vitorino'),(1,'Machado',31,204366,0,'Vitorino'),(1,'Renato',31,204367,0,'Vitorino'),(1,'Vitorino',31,204368,0,'Vitorino'),(1,'Wilian',31,204369,0,'Vitorino'),(1,'Douglas',31,204370,0,'Wilian'),(1,'Joni',31,204371,0,'Wilian'),(1,'Lyndon',31,204372,0,'Wilian'),(1,'Machado',31,204373,0,'Wilian'),(1,'Renato',31,204374,0,'Wilian'),(1,'Vitorino',31,204375,0,'Wilian'),(1,'Wilian',31,204376,0,'Wilian'),(1,'Douglas',32,204377,0,'Douglas'),(1,'Joni',32,204378,0,'Douglas'),(1,'Lyndon',32,204379,0,'Douglas'),(1,'Machado',32,204380,0,'Douglas'),(1,'Renato',32,204381,0,'Douglas'),(1,'Vitorino',32,204382,0,'Douglas'),(1,'Wilian',32,204383,0,'Douglas'),(1,'Douglas',32,204384,0,'Joni'),(1,'Joni',32,204385,0,'Joni'),(1,'Lyndon',32,204386,0,'Joni'),(1,'Machado',32,204387,0,'Joni'),(1,'Renato',32,204388,0,'Joni'),(1,'Vitorino',32,204389,0,'Joni'),(1,'Wilian',32,204390,0,'Joni'),(1,'Douglas',32,204391,0,'Lyndon'),(1,'Joni',32,204392,0,'Lyndon'),(1,'Lyndon',32,204393,0,'Lyndon'),(1,'Machado',32,204394,0,'Lyndon'),(1,'Renato',32,204395,0,'Lyndon'),(1,'Vitorino',32,204396,0,'Lyndon'),(1,'Wilian',32,204397,0,'Lyndon'),(1,'Douglas',32,204398,0,'Machado'),(1,'Joni',32,204399,0,'Machado'),(1,'Lyndon',32,204400,0,'Machado'),(1,'Machado',32,204401,0,'Machado'),(1,'Renato',32,204402,0,'Machado'),(1,'Vitorino',32,204403,0,'Machado'),(1,'Wilian',32,204404,0,'Machado'),(1,'Douglas',32,204405,0,'Renato'),(1,'Joni',32,204406,0,'Renato'),(1,'Lyndon',32,204407,0,'Renato'),(1,'Machado',32,204408,0,'Renato'),(1,'Renato',32,204409,0,'Renato'),(1,'Vitorino',32,204410,0,'Renato'),(1,'Wilian',32,204411,0,'Renato'),(1,'Douglas',32,204412,0,'Vitorino'),(1,'Joni',32,204413,0,'Vitorino'),(1,'Lyndon',32,204414,0,'Vitorino'),(1,'Machado',32,204415,0,'Vitorino'),(1,'Renato',32,204416,0,'Vitorino'),(1,'Vitorino',32,204417,0,'Vitorino'),(1,'Wilian',32,204418,0,'Vitorino'),(1,'Douglas',32,204419,0,'Wilian'),(1,'Joni',32,204420,0,'Wilian'),(1,'Lyndon',32,204421,0,'Wilian'),(1,'Machado',32,204422,0,'Wilian'),(1,'Renato',32,204423,0,'Wilian'),(1,'Vitorino',32,204424,0,'Wilian'),(1,'Wilian',32,204425,0,'Wilian'),(1,'Douglas',33,204426,0,'Douglas'),(1,'Joni',33,204427,0,'Douglas'),(1,'Lyndon',33,204428,0,'Douglas'),(1,'Machado',33,204429,0,'Douglas'),(1,'Renato',33,204430,0,'Douglas'),(1,'Vitorino',33,204431,0,'Douglas'),(1,'Wilian',33,204432,0,'Douglas'),(1,'Douglas',33,204433,0,'Joni'),(1,'Joni',33,204434,0,'Joni'),(1,'Lyndon',33,204435,0,'Joni'),(1,'Machado',33,204436,0,'Joni'),(1,'Renato',33,204437,0,'Joni'),(1,'Vitorino',33,204438,0,'Joni'),(1,'Wilian',33,204439,0,'Joni'),(1,'Douglas',33,204440,0,'Lyndon'),(1,'Joni',33,204441,0,'Lyndon'),(1,'Lyndon',33,204442,0,'Lyndon'),(1,'Machado',33,204443,0,'Lyndon'),(1,'Renato',33,204444,0,'Lyndon'),(1,'Vitorino',33,204445,0,'Lyndon'),(1,'Wilian',33,204446,0,'Lyndon'),(1,'Douglas',33,204447,0,'Machado'),(1,'Joni',33,204448,0,'Machado'),(1,'Lyndon',33,204449,0,'Machado'),(1,'Machado',33,204450,0,'Machado'),(1,'Renato',33,204451,0,'Machado'),(1,'Vitorino',33,204452,0,'Machado'),(1,'Wilian',33,204453,0,'Machado'),(1,'Douglas',33,204454,0,'Renato'),(1,'Joni',33,204455,0,'Renato'),(1,'Lyndon',33,204456,0,'Renato'),(1,'Machado',33,204457,0,'Renato'),(1,'Renato',33,204458,0,'Renato'),(1,'Vitorino',33,204459,0,'Renato'),(1,'Wilian',33,204460,0,'Renato'),(1,'Douglas',33,204461,0,'Vitorino'),(1,'Joni',33,204462,0,'Vitorino'),(1,'Lyndon',33,204463,0,'Vitorino'),(1,'Machado',33,204464,0,'Vitorino'),(1,'Renato',33,204465,0,'Vitorino'),(1,'Vitorino',33,204466,0,'Vitorino'),(1,'Wilian',33,204467,0,'Vitorino'),(1,'Douglas',33,204468,0,'Wilian'),(1,'Joni',33,204469,0,'Wilian'),(1,'Lyndon',33,204470,0,'Wilian'),(1,'Machado',33,204471,0,'Wilian'),(1,'Renato',33,204472,0,'Wilian'),(1,'Vitorino',33,204473,0,'Wilian'),(1,'Wilian',33,204474,0,'Wilian'),(1,'Douglas',35,204475,0,'Douglas'),(1,'Joni',35,204476,0,'Douglas'),(1,'Lyndon',35,204477,0,'Douglas'),(1,'Machado',35,204478,0,'Douglas'),(1,'Renato',35,204479,0,'Douglas'),(1,'Vitorino',35,204480,0,'Douglas'),(1,'Wilian',35,204481,0,'Douglas'),(1,'Douglas',35,204482,0,'Joni'),(1,'Joni',35,204483,0,'Joni'),(1,'Lyndon',35,204484,0,'Joni'),(1,'Machado',35,204485,0,'Joni'),(1,'Renato',35,204486,0,'Joni'),(1,'Vitorino',35,204487,0,'Joni'),(1,'Wilian',35,204488,0,'Joni'),(1,'Douglas',35,204489,0,'Lyndon'),(1,'Joni',35,204490,0,'Lyndon'),(1,'Lyndon',35,204491,0,'Lyndon'),(1,'Machado',35,204492,0,'Lyndon'),(1,'Renato',35,204493,0,'Lyndon'),(1,'Vitorino',35,204494,0,'Lyndon'),(1,'Wilian',35,204495,0,'Lyndon'),(1,'Douglas',35,204496,0,'Machado'),(1,'Joni',35,204497,0,'Machado'),(1,'Lyndon',35,204498,0,'Machado'),(1,'Machado',35,204499,0,'Machado'),(1,'Renato',35,204500,0,'Machado'),(1,'Vitorino',35,204501,0,'Machado'),(1,'Wilian',35,204502,0,'Machado'),(1,'Douglas',35,204503,0,'Renato'),(1,'Joni',35,204504,0,'Renato'),(1,'Lyndon',35,204505,0,'Renato'),(1,'Machado',35,204506,0,'Renato'),(1,'Renato',35,204507,0,'Renato'),(1,'Vitorino',35,204508,0,'Renato'),(1,'Wilian',35,204509,0,'Renato'),(1,'Douglas',35,204510,0,'Vitorino'),(1,'Joni',35,204511,0,'Vitorino'),(1,'Lyndon',35,204512,0,'Vitorino'),(1,'Machado',35,204513,0,'Vitorino'),(1,'Renato',35,204514,0,'Vitorino'),(1,'Vitorino',35,204515,0,'Vitorino'),(1,'Wilian',35,204516,0,'Vitorino'),(1,'Douglas',35,204517,0,'Wilian'),(1,'Joni',35,204518,0,'Wilian'),(1,'Lyndon',35,204519,0,'Wilian'),(1,'Machado',35,204520,0,'Wilian'),(1,'Renato',35,204521,0,'Wilian'),(1,'Vitorino',35,204522,0,'Wilian'),(1,'Wilian',35,204523,0,'Wilian'),(1,'Douglas',36,204524,0,'Douglas'),(1,'Joni',36,204525,0,'Douglas'),(1,'Lyndon',36,204526,0,'Douglas'),(1,'Machado',36,204527,0,'Douglas'),(1,'Renato',36,204528,0,'Douglas'),(1,'Vitorino',36,204529,0,'Douglas'),(1,'Wilian',36,204530,0,'Douglas'),(1,'Douglas',36,204531,0,'Joni'),(1,'Joni',36,204532,0,'Joni'),(1,'Lyndon',36,204533,0,'Joni'),(1,'Machado',36,204534,0,'Joni'),(1,'Renato',36,204535,0,'Joni'),(1,'Vitorino',36,204536,0,'Joni'),(1,'Wilian',36,204537,0,'Joni'),(1,'Douglas',36,204538,0,'Lyndon'),(1,'Joni',36,204539,0,'Lyndon'),(1,'Lyndon',36,204540,0,'Lyndon'),(1,'Machado',36,204541,0,'Lyndon'),(1,'Renato',36,204542,0,'Lyndon'),(1,'Vitorino',36,204543,0,'Lyndon'),(1,'Wilian',36,204544,0,'Lyndon'),(1,'Douglas',36,204545,0,'Machado'),(1,'Joni',36,204546,0,'Machado'),(1,'Lyndon',36,204547,0,'Machado'),(1,'Machado',36,204548,0,'Machado'),(1,'Renato',36,204549,0,'Machado'),(1,'Vitorino',36,204550,0,'Machado'),(1,'Wilian',36,204551,0,'Machado'),(1,'Douglas',36,204552,0,'Renato'),(1,'Joni',36,204553,0,'Renato'),(1,'Lyndon',36,204554,0,'Renato'),(1,'Machado',36,204555,0,'Renato'),(1,'Renato',36,204556,0,'Renato'),(1,'Vitorino',36,204557,0,'Renato'),(1,'Wilian',36,204558,0,'Renato'),(1,'Douglas',36,204559,0,'Vitorino'),(1,'Joni',36,204560,0,'Vitorino'),(1,'Lyndon',36,204561,0,'Vitorino'),(1,'Machado',36,204562,0,'Vitorino'),(1,'Renato',36,204563,0,'Vitorino'),(1,'Vitorino',36,204564,0,'Vitorino'),(1,'Wilian',36,204565,0,'Vitorino'),(1,'Douglas',36,204566,0,'Wilian'),(1,'Joni',36,204567,0,'Wilian'),(1,'Lyndon',36,204568,0,'Wilian'),(1,'Machado',36,204569,0,'Wilian'),(1,'Renato',36,204570,0,'Wilian'),(1,'Vitorino',36,204571,0,'Wilian'),(1,'Wilian',36,204572,0,'Wilian'),(1,'Douglas',37,204573,0,'Douglas'),(1,'Joni',37,204574,0,'Douglas'),(1,'Lyndon',37,204575,0,'Douglas'),(1,'Machado',37,204576,0,'Douglas'),(1,'Renato',37,204577,0,'Douglas'),(1,'Vitorino',37,204578,0,'Douglas'),(1,'Wilian',37,204579,0,'Douglas'),(1,'Douglas',37,204580,0,'Joni'),(1,'Joni',37,204581,0,'Joni'),(1,'Lyndon',37,204582,0,'Joni'),(1,'Machado',37,204583,0,'Joni'),(1,'Renato',37,204584,0,'Joni'),(1,'Vitorino',37,204585,0,'Joni'),(1,'Wilian',37,204586,0,'Joni'),(1,'Douglas',37,204587,0,'Lyndon'),(1,'Joni',37,204588,0,'Lyndon'),(1,'Lyndon',37,204589,0,'Lyndon'),(1,'Machado',37,204590,0,'Lyndon'),(1,'Renato',37,204591,0,'Lyndon'),(1,'Vitorino',37,204592,0,'Lyndon'),(1,'Wilian',37,204593,0,'Lyndon'),(1,'Douglas',37,204594,0,'Machado'),(1,'Joni',37,204595,0,'Machado'),(1,'Lyndon',37,204596,0,'Machado'),(1,'Machado',37,204597,0,'Machado'),(1,'Renato',37,204598,0,'Machado'),(1,'Vitorino',37,204599,0,'Machado'),(1,'Wilian',37,204600,0,'Machado'),(1,'Douglas',37,204601,0,'Renato'),(1,'Joni',37,204602,0,'Renato'),(1,'Lyndon',37,204603,0,'Renato'),(1,'Machado',37,204604,0,'Renato'),(1,'Renato',37,204605,0,'Renato'),(1,'Vitorino',37,204606,0,'Renato'),(1,'Wilian',37,204607,0,'Renato'),(1,'Douglas',37,204608,0,'Vitorino'),(1,'Joni',37,204609,0,'Vitorino'),(1,'Lyndon',37,204610,0,'Vitorino'),(1,'Machado',37,204611,0,'Vitorino'),(1,'Renato',37,204612,0,'Vitorino'),(1,'Vitorino',37,204613,0,'Vitorino'),(1,'Wilian',37,204614,0,'Vitorino'),(1,'Douglas',37,204615,0,'Wilian'),(1,'Joni',37,204616,0,'Wilian'),(1,'Lyndon',37,204617,0,'Wilian'),(1,'Machado',37,204618,0,'Wilian'),(1,'Renato',37,204619,0,'Wilian'),(1,'Vitorino',37,204620,0,'Wilian'),(1,'Wilian',37,204621,0,'Wilian'),(1,'Douglas',38,204622,0,'Douglas'),(1,'Joni',38,204623,0,'Douglas'),(1,'Lyndon',38,204624,0,'Douglas'),(1,'Machado',38,204625,0,'Douglas'),(1,'Renato',38,204626,0,'Douglas'),(1,'Vitorino',38,204627,0,'Douglas'),(1,'Wilian',38,204628,0,'Douglas'),(1,'Douglas',38,204629,0,'Joni'),(1,'Joni',38,204630,0,'Joni'),(1,'Lyndon',38,204631,0,'Joni'),(1,'Machado',38,204632,0,'Joni'),(1,'Renato',38,204633,0,'Joni'),(1,'Vitorino',38,204634,0,'Joni'),(1,'Wilian',38,204635,0,'Joni'),(1,'Douglas',38,204636,0,'Lyndon'),(1,'Joni',38,204637,0,'Lyndon'),(1,'Lyndon',38,204638,0,'Lyndon'),(1,'Machado',38,204639,0,'Lyndon'),(1,'Renato',38,204640,0,'Lyndon'),(1,'Vitorino',38,204641,0,'Lyndon'),(1,'Wilian',38,204642,0,'Lyndon'),(1,'Douglas',38,204643,0,'Machado'),(1,'Joni',38,204644,0,'Machado'),(1,'Lyndon',38,204645,0,'Machado'),(1,'Machado',38,204646,0,'Machado'),(1,'Renato',38,204647,0,'Machado'),(1,'Vitorino',38,204648,0,'Machado'),(1,'Wilian',38,204649,0,'Machado'),(1,'Douglas',38,204650,0,'Renato'),(1,'Joni',38,204651,0,'Renato'),(1,'Lyndon',38,204652,0,'Renato'),(1,'Machado',38,204653,0,'Renato'),(1,'Renato',38,204654,0,'Renato'),(1,'Vitorino',38,204655,0,'Renato'),(1,'Wilian',38,204656,0,'Renato'),(1,'Douglas',38,204657,0,'Vitorino'),(1,'Joni',38,204658,0,'Vitorino'),(1,'Lyndon',38,204659,0,'Vitorino'),(1,'Machado',38,204660,0,'Vitorino'),(1,'Renato',38,204661,0,'Vitorino'),(1,'Vitorino',38,204662,0,'Vitorino'),(1,'Wilian',38,204663,0,'Vitorino'),(1,'Douglas',38,204664,0,'Wilian'),(1,'Joni',38,204665,0,'Wilian'),(1,'Lyndon',38,204666,0,'Wilian'),(1,'Machado',38,204667,0,'Wilian'),(1,'Renato',38,204668,0,'Wilian'),(1,'Vitorino',38,204669,0,'Wilian'),(1,'Wilian',38,204670,0,'Wilian'),(1,'Douglas',39,204671,0,'Douglas'),(1,'Joni',39,204672,0,'Douglas'),(1,'Lyndon',39,204673,0,'Douglas'),(1,'Machado',39,204674,0,'Douglas'),(1,'Renato',39,204675,0,'Douglas'),(1,'Vitorino',39,204676,0,'Douglas'),(1,'Wilian',39,204677,0,'Douglas'),(1,'Douglas',39,204678,0,'Joni'),(1,'Joni',39,204679,0,'Joni'),(1,'Lyndon',39,204680,0,'Joni'),(1,'Machado',39,204681,0,'Joni'),(1,'Renato',39,204682,0,'Joni'),(1,'Vitorino',39,204683,0,'Joni'),(1,'Wilian',39,204684,0,'Joni'),(1,'Douglas',39,204685,0,'Lyndon'),(1,'Joni',39,204686,0,'Lyndon'),(1,'Lyndon',39,204687,0,'Lyndon'),(1,'Machado',39,204688,0,'Lyndon'),(1,'Renato',39,204689,0,'Lyndon'),(1,'Vitorino',39,204690,0,'Lyndon'),(1,'Wilian',39,204691,0,'Lyndon'),(1,'Douglas',39,204692,0,'Machado'),(1,'Joni',39,204693,0,'Machado'),(1,'Lyndon',39,204694,0,'Machado'),(1,'Machado',39,204695,0,'Machado'),(1,'Renato',39,204696,0,'Machado'),(1,'Vitorino',39,204697,0,'Machado'),(1,'Wilian',39,204698,0,'Machado'),(1,'Douglas',39,204699,0,'Renato'),(1,'Joni',39,204700,0,'Renato'),(1,'Lyndon',39,204701,0,'Renato'),(1,'Machado',39,204702,0,'Renato'),(1,'Renato',39,204703,0,'Renato'),(1,'Vitorino',39,204704,0,'Renato'),(1,'Wilian',39,204705,0,'Renato'),(1,'Douglas',39,204706,0,'Vitorino'),(1,'Joni',39,204707,0,'Vitorino'),(1,'Lyndon',39,204708,0,'Vitorino'),(1,'Machado',39,204709,0,'Vitorino'),(1,'Renato',39,204710,0,'Vitorino'),(1,'Vitorino',39,204711,0,'Vitorino'),(1,'Wilian',39,204712,0,'Vitorino'),(1,'Douglas',39,204713,0,'Wilian'),(1,'Joni',39,204714,0,'Wilian'),(1,'Lyndon',39,204715,0,'Wilian'),(1,'Machado',39,204716,0,'Wilian'),(1,'Renato',39,204717,0,'Wilian'),(1,'Vitorino',39,204718,0,'Wilian'),(1,'Wilian',39,204719,0,'Wilian'),(1,'Douglas',40,204720,0,'Douglas'),(1,'Joni',40,204721,0,'Douglas'),(1,'Lyndon',40,204722,0,'Douglas'),(1,'Machado',40,204723,0,'Douglas'),(1,'Renato',40,204724,0,'Douglas'),(1,'Vitorino',40,204725,0,'Douglas'),(1,'Wilian',40,204726,0,'Douglas'),(1,'Douglas',40,204727,0,'Joni'),(1,'Joni',40,204728,0,'Joni'),(1,'Lyndon',40,204729,0,'Joni'),(1,'Machado',40,204730,0,'Joni'),(1,'Renato',40,204731,0,'Joni'),(1,'Vitorino',40,204732,0,'Joni'),(1,'Wilian',40,204733,0,'Joni'),(1,'Douglas',40,204734,0,'Lyndon'),(1,'Joni',40,204735,0,'Lyndon'),(1,'Lyndon',40,204736,0,'Lyndon'),(1,'Machado',40,204737,0,'Lyndon'),(1,'Renato',40,204738,0,'Lyndon'),(1,'Vitorino',40,204739,0,'Lyndon'),(1,'Wilian',40,204740,0,'Lyndon'),(1,'Douglas',40,204741,0,'Machado'),(1,'Joni',40,204742,0,'Machado'),(1,'Lyndon',40,204743,0,'Machado'),(1,'Machado',40,204744,0,'Machado'),(1,'Renato',40,204745,0,'Machado'),(1,'Vitorino',40,204746,0,'Machado'),(1,'Wilian',40,204747,0,'Machado'),(1,'Douglas',40,204748,0,'Renato'),(1,'Joni',40,204749,0,'Renato'),(1,'Lyndon',40,204750,0,'Renato'),(1,'Machado',40,204751,0,'Renato'),(1,'Renato',40,204752,0,'Renato'),(1,'Vitorino',40,204753,0,'Renato'),(1,'Wilian',40,204754,0,'Renato'),(1,'Douglas',40,204755,0,'Vitorino'),(1,'Joni',40,204756,0,'Vitorino'),(1,'Lyndon',40,204757,0,'Vitorino'),(1,'Machado',40,204758,0,'Vitorino'),(1,'Renato',40,204759,0,'Vitorino'),(1,'Vitorino',40,204760,0,'Vitorino'),(1,'Wilian',40,204761,0,'Vitorino'),(1,'Douglas',40,204762,0,'Wilian'),(1,'Joni',40,204763,0,'Wilian'),(1,'Lyndon',40,204764,0,'Wilian'),(1,'Machado',40,204765,0,'Wilian'),(1,'Renato',40,204766,0,'Wilian'),(1,'Vitorino',40,204767,0,'Wilian'),(1,'Wilian',40,204768,0,'Wilian'),(1,'Douglas',41,204769,0,'Douglas'),(1,'Joni',41,204770,0,'Douglas'),(1,'Lyndon',41,204771,0,'Douglas'),(1,'Machado',41,204772,0,'Douglas'),(1,'Renato',41,204773,0,'Douglas'),(1,'Vitorino',41,204774,0,'Douglas'),(1,'Wilian',41,204775,0,'Douglas'),(1,'Douglas',41,204776,0,'Joni'),(1,'Joni',41,204777,0,'Joni'),(1,'Lyndon',41,204778,0,'Joni'),(1,'Machado',41,204779,0,'Joni'),(1,'Renato',41,204780,0,'Joni'),(1,'Vitorino',41,204781,0,'Joni'),(1,'Wilian',41,204782,0,'Joni'),(1,'Douglas',41,204783,0,'Lyndon'),(1,'Joni',41,204784,0,'Lyndon'),(1,'Lyndon',41,204785,0,'Lyndon'),(1,'Machado',41,204786,0,'Lyndon'),(1,'Renato',41,204787,0,'Lyndon'),(1,'Vitorino',41,204788,0,'Lyndon'),(1,'Wilian',41,204789,0,'Lyndon'),(1,'Douglas',41,204790,0,'Machado'),(1,'Joni',41,204791,0,'Machado'),(1,'Lyndon',41,204792,0,'Machado'),(1,'Machado',41,204793,0,'Machado'),(1,'Renato',41,204794,0,'Machado'),(1,'Vitorino',41,204795,0,'Machado'),(1,'Wilian',41,204796,0,'Machado'),(1,'Douglas',41,204797,0,'Renato'),(1,'Joni',41,204798,0,'Renato'),(1,'Lyndon',41,204799,0,'Renato'),(1,'Machado',41,204800,0,'Renato'),(1,'Renato',41,204801,0,'Renato'),(1,'Vitorino',41,204802,0,'Renato'),(1,'Wilian',41,204803,0,'Renato'),(1,'Douglas',41,204804,0,'Vitorino'),(1,'Joni',41,204805,0,'Vitorino'),(1,'Lyndon',41,204806,0,'Vitorino'),(1,'Machado',41,204807,0,'Vitorino'),(1,'Renato',41,204808,0,'Vitorino'),(1,'Vitorino',41,204809,0,'Vitorino'),(1,'Wilian',41,204810,0,'Vitorino'),(1,'Douglas',41,204811,0,'Wilian'),(1,'Joni',41,204812,0,'Wilian'),(1,'Lyndon',41,204813,0,'Wilian'),(1,'Machado',41,204814,0,'Wilian'),(1,'Renato',41,204815,0,'Wilian'),(1,'Vitorino',41,204816,0,'Wilian'),(1,'Wilian',41,204817,0,'Wilian'),(1,'Douglas',42,204818,0,'Douglas'),(1,'Joni',42,204819,0,'Douglas'),(1,'Lyndon',42,204820,0,'Douglas'),(1,'Machado',42,204821,0,'Douglas'),(1,'Renato',42,204822,0,'Douglas'),(1,'Vitorino',42,204823,0,'Douglas'),(1,'Wilian',42,204824,0,'Douglas'),(1,'Douglas',42,204825,0,'Joni'),(1,'Joni',42,204826,0,'Joni'),(1,'Lyndon',42,204827,0,'Joni'),(1,'Machado',42,204828,0,'Joni'),(1,'Renato',42,204829,0,'Joni'),(1,'Vitorino',42,204830,0,'Joni'),(1,'Wilian',42,204831,0,'Joni'),(1,'Douglas',42,204832,0,'Lyndon'),(1,'Joni',42,204833,0,'Lyndon'),(1,'Lyndon',42,204834,0,'Lyndon'),(1,'Machado',42,204835,0,'Lyndon'),(1,'Renato',42,204836,0,'Lyndon'),(1,'Vitorino',42,204837,0,'Lyndon'),(1,'Wilian',42,204838,0,'Lyndon'),(1,'Douglas',42,204839,0,'Machado'),(1,'Joni',42,204840,0,'Machado'),(1,'Lyndon',42,204841,0,'Machado'),(1,'Machado',42,204842,0,'Machado'),(1,'Renato',42,204843,0,'Machado'),(1,'Vitorino',42,204844,0,'Machado'),(1,'Wilian',42,204845,0,'Machado'),(1,'Douglas',42,204846,0,'Renato'),(1,'Joni',42,204847,0,'Renato'),(1,'Lyndon',42,204848,0,'Renato'),(1,'Machado',42,204849,0,'Renato'),(1,'Renato',42,204850,0,'Renato'),(1,'Vitorino',42,204851,0,'Renato'),(1,'Wilian',42,204852,0,'Renato'),(1,'Douglas',42,204853,0,'Vitorino'),(1,'Joni',42,204854,0,'Vitorino'),(1,'Lyndon',42,204855,0,'Vitorino'),(1,'Machado',42,204856,0,'Vitorino'),(1,'Renato',42,204857,0,'Vitorino'),(1,'Vitorino',42,204858,0,'Vitorino'),(1,'Wilian',42,204859,0,'Vitorino'),(1,'Douglas',42,204860,0,'Wilian'),(1,'Joni',42,204861,0,'Wilian'),(1,'Lyndon',42,204862,0,'Wilian'),(1,'Machado',42,204863,0,'Wilian'),(1,'Renato',42,204864,0,'Wilian'),(1,'Vitorino',42,204865,0,'Wilian'),(1,'Wilian',42,204866,0,'Wilian'),(1,'Douglas',43,204867,0,'Douglas'),(1,'Joni',43,204868,0,'Douglas'),(1,'Lyndon',43,204869,0,'Douglas'),(1,'Machado',43,204870,0,'Douglas'),(1,'Renato',43,204871,0,'Douglas'),(1,'Vitorino',43,204872,0,'Douglas'),(1,'Wilian',43,204873,0,'Douglas'),(1,'Douglas',43,204874,0,'Joni'),(1,'Joni',43,204875,0,'Joni'),(1,'Lyndon',43,204876,0,'Joni'),(1,'Machado',43,204877,0,'Joni'),(1,'Renato',43,204878,0,'Joni'),(1,'Vitorino',43,204879,0,'Joni'),(1,'Wilian',43,204880,0,'Joni'),(1,'Douglas',43,204881,0,'Lyndon'),(1,'Joni',43,204882,0,'Lyndon'),(1,'Lyndon',43,204883,0,'Lyndon'),(1,'Machado',43,204884,0,'Lyndon'),(1,'Renato',43,204885,0,'Lyndon'),(1,'Vitorino',43,204886,0,'Lyndon'),(1,'Wilian',43,204887,0,'Lyndon'),(1,'Douglas',43,204888,0,'Machado'),(1,'Joni',43,204889,0,'Machado'),(1,'Lyndon',43,204890,0,'Machado'),(1,'Machado',43,204891,0,'Machado'),(1,'Renato',43,204892,0,'Machado'),(1,'Vitorino',43,204893,0,'Machado'),(1,'Wilian',43,204894,0,'Machado'),(1,'Douglas',43,204895,0,'Renato'),(1,'Joni',43,204896,0,'Renato'),(1,'Lyndon',43,204897,0,'Renato'),(1,'Machado',43,204898,0,'Renato'),(1,'Renato',43,204899,0,'Renato'),(1,'Vitorino',43,204900,0,'Renato'),(1,'Wilian',43,204901,0,'Renato'),(1,'Douglas',43,204902,0,'Vitorino'),(1,'Joni',43,204903,0,'Vitorino'),(1,'Lyndon',43,204904,0,'Vitorino'),(1,'Machado',43,204905,0,'Vitorino'),(1,'Renato',43,204906,0,'Vitorino'),(1,'Vitorino',43,204907,0,'Vitorino'),(1,'Wilian',43,204908,0,'Vitorino'),(1,'Douglas',43,204909,0,'Wilian'),(1,'Joni',43,204910,0,'Wilian'),(1,'Lyndon',43,204911,0,'Wilian'),(1,'Machado',43,204912,0,'Wilian'),(1,'Renato',43,204913,0,'Wilian'),(1,'Vitorino',43,204914,0,'Wilian'),(1,'Wilian',43,204915,0,'Wilian'),(1,'Douglas',44,204916,0,'Douglas'),(1,'Joni',44,204917,0,'Douglas'),(1,'Lyndon',44,204918,0,'Douglas'),(1,'Machado',44,204919,0,'Douglas'),(1,'Renato',44,204920,0,'Douglas'),(1,'Vitorino',44,204921,0,'Douglas'),(1,'Wilian',44,204922,0,'Douglas'),(1,'Douglas',44,204923,0,'Joni'),(1,'Joni',44,204924,0,'Joni'),(1,'Lyndon',44,204925,0,'Joni'),(1,'Machado',44,204926,0,'Joni'),(1,'Renato',44,204927,0,'Joni'),(1,'Vitorino',44,204928,0,'Joni'),(1,'Wilian',44,204929,0,'Joni'),(1,'Douglas',44,204930,0,'Lyndon'),(1,'Joni',44,204931,0,'Lyndon'),(1,'Lyndon',44,204932,0,'Lyndon'),(1,'Machado',44,204933,0,'Lyndon'),(1,'Renato',44,204934,0,'Lyndon'),(1,'Vitorino',44,204935,0,'Lyndon'),(1,'Wilian',44,204936,0,'Lyndon'),(1,'Douglas',44,204937,0,'Machado'),(1,'Joni',44,204938,0,'Machado'),(1,'Lyndon',44,204939,0,'Machado'),(1,'Machado',44,204940,0,'Machado'),(1,'Renato',44,204941,0,'Machado'),(1,'Vitorino',44,204942,0,'Machado'),(1,'Wilian',44,204943,0,'Machado'),(1,'Douglas',44,204944,0,'Renato'),(1,'Joni',44,204945,0,'Renato'),(1,'Lyndon',44,204946,0,'Renato'),(1,'Machado',44,204947,0,'Renato'),(1,'Renato',44,204948,0,'Renato'),(1,'Vitorino',44,204949,0,'Renato'),(1,'Wilian',44,204950,0,'Renato'),(1,'Douglas',44,204951,0,'Vitorino'),(1,'Joni',44,204952,0,'Vitorino'),(1,'Lyndon',44,204953,0,'Vitorino'),(1,'Machado',44,204954,0,'Vitorino'),(1,'Renato',44,204955,0,'Vitorino'),(1,'Vitorino',44,204956,0,'Vitorino'),(1,'Wilian',44,204957,0,'Vitorino'),(1,'Douglas',44,204958,0,'Wilian'),(1,'Joni',44,204959,0,'Wilian'),(1,'Lyndon',44,204960,0,'Wilian'),(1,'Machado',44,204961,0,'Wilian'),(1,'Renato',44,204962,0,'Wilian'),(1,'Vitorino',44,204963,0,'Wilian'),(1,'Wilian',44,204964,0,'Wilian'),(1,'Adriano',2,207002,0,'Adriano'),(1,'Alencar',2,207003,0,'Adriano'),(1,'Eraldo',2,207004,0,'Adriano'),(1,'George',2,207005,0,'Adriano'),(1,'Hércules',2,207006,0,'Adriano'),(1,'Roberto',2,207007,0,'Adriano'),(1,'Stiffer',2,207008,0,'Adriano'),(1,'Adriano',2,207009,0,'Alencar'),(1,'Alencar',2,207010,0,'Alencar'),(1,'Eraldo',2,207011,0,'Alencar'),(1,'George',2,207012,0,'Alencar'),(1,'Hércules',2,207013,0,'Alencar'),(1,'Roberto',2,207014,0,'Alencar'),(1,'Stiffer',2,207015,0,'Alencar'),(1,'Adriano',2,207016,0,'Eraldo'),(1,'Alencar',2,207017,0,'Eraldo'),(1,'Eraldo',2,207018,0,'Eraldo'),(1,'George',2,207019,0,'Eraldo'),(1,'Hércules',2,207020,0,'Eraldo'),(1,'Roberto',2,207021,0,'Eraldo'),(1,'Stiffer',2,207022,0,'Eraldo'),(1,'Adriano',2,207023,0,'George'),(1,'Alencar',2,207024,0,'George'),(1,'Eraldo',2,207025,0,'George'),(1,'George',2,207026,0,'George'),(1,'Hércules',2,207027,0,'George'),(1,'Roberto',2,207028,0,'George'),(1,'Stiffer',2,207029,0,'George'),(1,'Adriano',2,207030,0,'Hércules'),(1,'Alencar',2,207031,0,'Hércules'),(1,'Eraldo',2,207032,0,'Hércules'),(1,'George',2,207033,0,'Hércules'),(1,'Hércules',2,207034,0,'Hércules'),(1,'Roberto',2,207035,0,'Hércules'),(1,'Stiffer',2,207036,0,'Hércules'),(1,'Adriano',2,207037,0,'Roberto'),(1,'Alencar',2,207038,0,'Roberto'),(1,'Eraldo',2,207039,0,'Roberto'),(1,'George',2,207040,0,'Roberto'),(1,'Hércules',2,207041,0,'Roberto'),(1,'Roberto',2,207042,0,'Roberto'),(1,'Stiffer',2,207043,0,'Roberto'),(1,'Adriano',2,207044,0,'Stiffer'),(1,'Alencar',2,207045,0,'Stiffer'),(1,'Eraldo',2,207046,0,'Stiffer'),(1,'George',2,207047,0,'Stiffer'),(1,'Hércules',2,207048,0,'Stiffer'),(1,'Roberto',2,207049,0,'Stiffer'),(1,'Stiffer',2,207050,0,'Stiffer'),(1,'Adriano',3,207051,0,'Adriano'),(1,'Alencar',3,207052,0,'Adriano'),(1,'Eraldo',3,207053,0,'Adriano'),(1,'George',3,207054,0,'Adriano'),(1,'Hércules',3,207055,0,'Adriano'),(1,'Roberto',3,207056,0,'Adriano'),(1,'Stiffer',3,207057,0,'Adriano'),(1,'Adriano',3,207058,0,'Alencar'),(1,'Alencar',3,207059,0,'Alencar'),(1,'Eraldo',3,207060,0,'Alencar'),(1,'George',3,207061,0,'Alencar'),(1,'Hércules',3,207062,0,'Alencar'),(1,'Roberto',3,207063,0,'Alencar'),(1,'Stiffer',3,207064,0,'Alencar'),(1,'Adriano',3,207065,0,'Eraldo'),(1,'Alencar',3,207066,0,'Eraldo'),(1,'Eraldo',3,207067,0,'Eraldo'),(1,'George',3,207068,0,'Eraldo'),(1,'Hércules',3,207069,0,'Eraldo'),(1,'Roberto',3,207070,0,'Eraldo'),(1,'Stiffer',3,207071,0,'Eraldo'),(1,'Adriano',3,207072,0,'George'),(1,'Alencar',3,207073,0,'George'),(1,'Eraldo',3,207074,0,'George'),(1,'George',3,207075,0,'George'),(1,'Hércules',3,207076,0,'George'),(1,'Roberto',3,207077,0,'George'),(1,'Stiffer',3,207078,0,'George'),(1,'Adriano',3,207079,0,'Hércules'),(1,'Alencar',3,207080,0,'Hércules'),(1,'Eraldo',3,207081,0,'Hércules'),(1,'George',3,207082,0,'Hércules'),(1,'Hércules',3,207083,0,'Hércules'),(1,'Roberto',3,207084,0,'Hércules'),(1,'Stiffer',3,207085,0,'Hércules'),(1,'Adriano',3,207086,0,'Roberto'),(1,'Alencar',3,207087,0,'Roberto'),(1,'Eraldo',3,207088,0,'Roberto'),(1,'George',3,207089,0,'Roberto'),(1,'Hércules',3,207090,0,'Roberto'),(1,'Roberto',3,207091,0,'Roberto'),(1,'Stiffer',3,207092,0,'Roberto'),(1,'Adriano',3,207093,0,'Stiffer'),(1,'Alencar',3,207094,0,'Stiffer'),(1,'Eraldo',3,207095,0,'Stiffer'),(1,'George',3,207096,0,'Stiffer'),(1,'Hércules',3,207097,0,'Stiffer'),(1,'Roberto',3,207098,0,'Stiffer'),(1,'Stiffer',3,207099,0,'Stiffer'),(1,'Adriano',4,207100,0,'Adriano'),(1,'Alencar',4,207101,0,'Adriano'),(1,'Eraldo',4,207102,0,'Adriano'),(1,'George',4,207103,0,'Adriano'),(1,'Hércules',4,207104,0,'Adriano'),(1,'Roberto',4,207105,0,'Adriano'),(1,'Stiffer',4,207106,0,'Adriano'),(1,'Adriano',4,207107,0,'Alencar'),(1,'Alencar',4,207108,0,'Alencar'),(1,'Eraldo',4,207109,0,'Alencar'),(1,'George',4,207110,0,'Alencar'),(1,'Hércules',4,207111,0,'Alencar'),(1,'Roberto',4,207112,0,'Alencar'),(1,'Stiffer',4,207113,0,'Alencar'),(1,'Adriano',4,207114,0,'Eraldo'),(1,'Alencar',4,207115,0,'Eraldo'),(1,'Eraldo',4,207116,0,'Eraldo'),(1,'George',4,207117,0,'Eraldo'),(1,'Hércules',4,207118,0,'Eraldo'),(1,'Roberto',4,207119,0,'Eraldo'),(1,'Stiffer',4,207120,0,'Eraldo'),(1,'Adriano',4,207121,0,'George'),(1,'Alencar',4,207122,0,'George'),(1,'Eraldo',4,207123,0,'George'),(1,'George',4,207124,0,'George'),(1,'Hércules',4,207125,0,'George'),(1,'Roberto',4,207126,0,'George'),(1,'Stiffer',4,207127,0,'George'),(1,'Adriano',4,207128,0,'Hércules'),(1,'Alencar',4,207129,0,'Hércules'),(1,'Eraldo',4,207130,0,'Hércules'),(1,'George',4,207131,0,'Hércules'),(1,'Hércules',4,207132,0,'Hércules'),(1,'Roberto',4,207133,0,'Hércules'),(1,'Stiffer',4,207134,0,'Hércules'),(1,'Adriano',4,207135,0,'Roberto'),(1,'Alencar',4,207136,0,'Roberto'),(1,'Eraldo',4,207137,0,'Roberto'),(1,'George',4,207138,0,'Roberto'),(1,'Hércules',4,207139,0,'Roberto'),(1,'Roberto',4,207140,0,'Roberto'),(1,'Stiffer',4,207141,0,'Roberto'),(1,'Adriano',4,207142,0,'Stiffer'),(1,'Alencar',4,207143,0,'Stiffer'),(1,'Eraldo',4,207144,0,'Stiffer'),(1,'George',4,207145,0,'Stiffer'),(1,'Hércules',4,207146,0,'Stiffer'),(1,'Roberto',4,207147,0,'Stiffer'),(1,'Stiffer',4,207148,0,'Stiffer'),(1,'Adriano',5,207149,0,'Adriano'),(1,'Alencar',5,207150,0,'Adriano'),(1,'Eraldo',5,207151,0,'Adriano'),(1,'George',5,207152,0,'Adriano'),(1,'Hércules',5,207153,0,'Adriano'),(1,'Roberto',5,207154,0,'Adriano'),(1,'Stiffer',5,207155,0,'Adriano'),(1,'Adriano',5,207156,0,'Alencar'),(1,'Alencar',5,207157,0,'Alencar'),(1,'Eraldo',5,207158,0,'Alencar'),(1,'George',5,207159,0,'Alencar'),(1,'Hércules',5,207160,0,'Alencar'),(1,'Roberto',5,207161,0,'Alencar'),(1,'Stiffer',5,207162,0,'Alencar'),(1,'Adriano',5,207163,0,'Eraldo'),(1,'Alencar',5,207164,0,'Eraldo'),(1,'Eraldo',5,207165,0,'Eraldo'),(1,'George',5,207166,0,'Eraldo'),(1,'Hércules',5,207167,0,'Eraldo'),(1,'Roberto',5,207168,0,'Eraldo'),(1,'Stiffer',5,207169,0,'Eraldo'),(1,'Adriano',5,207170,0,'George'),(1,'Alencar',5,207171,0,'George'),(1,'Eraldo',5,207172,0,'George'),(1,'George',5,207173,0,'George'),(1,'Hércules',5,207174,0,'George'),(1,'Roberto',5,207175,0,'George'),(1,'Stiffer',5,207176,0,'George'),(1,'Adriano',5,207177,0,'Hércules'),(1,'Alencar',5,207178,0,'Hércules'),(1,'Eraldo',5,207179,0,'Hércules'),(1,'George',5,207180,0,'Hércules'),(1,'Hércules',5,207181,0,'Hércules'),(1,'Roberto',5,207182,0,'Hércules'),(1,'Stiffer',5,207183,0,'Hércules'),(1,'Adriano',5,207184,0,'Roberto'),(1,'Alencar',5,207185,0,'Roberto'),(1,'Eraldo',5,207186,0,'Roberto'),(1,'George',5,207187,0,'Roberto'),(1,'Hércules',5,207188,0,'Roberto'),(1,'Roberto',5,207189,0,'Roberto'),(1,'Stiffer',5,207190,0,'Roberto'),(1,'Adriano',5,207191,0,'Stiffer'),(1,'Alencar',5,207192,0,'Stiffer'),(1,'Eraldo',5,207193,0,'Stiffer'),(1,'George',5,207194,0,'Stiffer'),(1,'Hércules',5,207195,0,'Stiffer'),(1,'Roberto',5,207196,0,'Stiffer'),(1,'Stiffer',5,207197,0,'Stiffer'),(1,'Adriano',6,207198,0,'Adriano'),(1,'Alencar',6,207199,0,'Adriano'),(1,'Eraldo',6,207200,0,'Adriano'),(1,'George',6,207201,0,'Adriano'),(1,'Hércules',6,207202,0,'Adriano'),(1,'Roberto',6,207203,0,'Adriano'),(1,'Stiffer',6,207204,0,'Adriano'),(1,'Adriano',6,207205,0,'Alencar'),(1,'Alencar',6,207206,0,'Alencar'),(1,'Eraldo',6,207207,0,'Alencar'),(1,'George',6,207208,0,'Alencar'),(1,'Hércules',6,207209,0,'Alencar'),(1,'Roberto',6,207210,0,'Alencar'),(1,'Stiffer',6,207211,0,'Alencar'),(1,'Adriano',6,207212,0,'Eraldo'),(1,'Alencar',6,207213,0,'Eraldo'),(1,'Eraldo',6,207214,0,'Eraldo'),(1,'George',6,207215,0,'Eraldo'),(1,'Hércules',6,207216,0,'Eraldo'),(1,'Roberto',6,207217,0,'Eraldo'),(1,'Stiffer',6,207218,0,'Eraldo'),(1,'Adriano',6,207219,0,'George'),(1,'Alencar',6,207220,0,'George'),(1,'Eraldo',6,207221,0,'George'),(1,'George',6,207222,0,'George'),(1,'Hércules',6,207223,0,'George'),(1,'Roberto',6,207224,0,'George'),(1,'Stiffer',6,207225,0,'George'),(1,'Adriano',6,207226,0,'Hércules'),(1,'Alencar',6,207227,0,'Hércules'),(1,'Eraldo',6,207228,0,'Hércules'),(1,'George',6,207229,0,'Hércules'),(1,'Hércules',6,207230,0,'Hércules'),(1,'Roberto',6,207231,0,'Hércules'),(1,'Stiffer',6,207232,0,'Hércules'),(1,'Adriano',6,207233,0,'Roberto'),(1,'Alencar',6,207234,0,'Roberto'),(1,'Eraldo',6,207235,0,'Roberto'),(1,'George',6,207236,0,'Roberto'),(1,'Hércules',6,207237,0,'Roberto'),(1,'Roberto',6,207238,0,'Roberto'),(1,'Stiffer',6,207239,0,'Roberto'),(1,'Adriano',6,207240,0,'Stiffer'),(1,'Alencar',6,207241,0,'Stiffer'),(1,'Eraldo',6,207242,0,'Stiffer'),(1,'George',6,207243,0,'Stiffer'),(1,'Hércules',6,207244,0,'Stiffer'),(1,'Roberto',6,207245,0,'Stiffer'),(1,'Stiffer',6,207246,0,'Stiffer'),(1,'Adriano',7,207247,0,'Adriano'),(1,'Alencar',7,207248,0,'Adriano'),(1,'Eraldo',7,207249,0,'Adriano'),(1,'George',7,207250,0,'Adriano'),(1,'Hércules',7,207251,0,'Adriano'),(1,'Roberto',7,207252,0,'Adriano'),(1,'Stiffer',7,207253,0,'Adriano'),(1,'Adriano',7,207254,0,'Alencar'),(1,'Alencar',7,207255,0,'Alencar'),(1,'Eraldo',7,207256,0,'Alencar'),(1,'George',7,207257,0,'Alencar'),(1,'Hércules',7,207258,0,'Alencar'),(1,'Roberto',7,207259,0,'Alencar'),(1,'Stiffer',7,207260,0,'Alencar'),(1,'Adriano',7,207261,0,'Eraldo'),(1,'Alencar',7,207262,0,'Eraldo'),(1,'Eraldo',7,207263,0,'Eraldo'),(1,'George',7,207264,0,'Eraldo'),(1,'Hércules',7,207265,0,'Eraldo'),(1,'Roberto',7,207266,0,'Eraldo'),(1,'Stiffer',7,207267,0,'Eraldo'),(1,'Adriano',7,207268,0,'George'),(1,'Alencar',7,207269,0,'George'),(1,'Eraldo',7,207270,0,'George'),(1,'George',7,207271,0,'George'),(1,'Hércules',7,207272,0,'George'),(1,'Roberto',7,207273,0,'George'),(1,'Stiffer',7,207274,0,'George'),(1,'Adriano',7,207275,0,'Hércules'),(1,'Alencar',7,207276,0,'Hércules'),(1,'Eraldo',7,207277,0,'Hércules'),(1,'George',7,207278,0,'Hércules'),(1,'Hércules',7,207279,0,'Hércules'),(1,'Roberto',7,207280,0,'Hércules'),(1,'Stiffer',7,207281,0,'Hércules'),(1,'Adriano',7,207282,0,'Roberto'),(1,'Alencar',7,207283,0,'Roberto'),(1,'Eraldo',7,207284,0,'Roberto'),(1,'George',7,207285,0,'Roberto'),(1,'Hércules',7,207286,0,'Roberto'),(1,'Roberto',7,207287,7,'Roberto'),(1,'Stiffer',7,207288,0,'Roberto'),(1,'Adriano',7,207289,0,'Stiffer'),(1,'Alencar',7,207290,0,'Stiffer'),(1,'Eraldo',7,207291,0,'Stiffer'),(1,'George',7,207292,0,'Stiffer'),(1,'Hércules',7,207293,0,'Stiffer'),(1,'Roberto',7,207294,0,'Stiffer'),(1,'Stiffer',7,207295,0,'Stiffer'),(1,'Adriano',8,207296,0,'Adriano'),(1,'Alencar',8,207297,0,'Adriano'),(1,'Eraldo',8,207298,0,'Adriano'),(1,'George',8,207299,0,'Adriano'),(1,'Hércules',8,207300,0,'Adriano'),(1,'Roberto',8,207301,0,'Adriano'),(1,'Stiffer',8,207302,0,'Adriano'),(1,'Adriano',8,207303,0,'Alencar'),(1,'Alencar',8,207304,0,'Alencar'),(1,'Eraldo',8,207305,0,'Alencar'),(1,'George',8,207306,0,'Alencar'),(1,'Hércules',8,207307,0,'Alencar'),(1,'Roberto',8,207308,0,'Alencar'),(1,'Stiffer',8,207309,0,'Alencar'),(1,'Adriano',8,207310,0,'Eraldo'),(1,'Alencar',8,207311,0,'Eraldo'),(1,'Eraldo',8,207312,0,'Eraldo'),(1,'George',8,207313,0,'Eraldo'),(1,'Hércules',8,207314,0,'Eraldo'),(1,'Roberto',8,207315,0,'Eraldo'),(1,'Stiffer',8,207316,0,'Eraldo'),(1,'Adriano',8,207317,0,'George'),(1,'Alencar',8,207318,0,'George'),(1,'Eraldo',8,207319,0,'George'),(1,'George',8,207320,0,'George'),(1,'Hércules',8,207321,0,'George'),(1,'Roberto',8,207322,0,'George'),(1,'Stiffer',8,207323,0,'George'),(1,'Adriano',8,207324,0,'Hércules'),(1,'Alencar',8,207325,0,'Hércules'),(1,'Eraldo',8,207326,0,'Hércules'),(1,'George',8,207327,0,'Hércules'),(1,'Hércules',8,207328,0,'Hércules'),(1,'Roberto',8,207329,0,'Hércules'),(1,'Stiffer',8,207330,0,'Hércules'),(1,'Adriano',8,207331,0,'Roberto'),(1,'Alencar',8,207332,0,'Roberto'),(1,'Eraldo',8,207333,0,'Roberto'),(1,'George',8,207334,0,'Roberto'),(1,'Hércules',8,207335,0,'Roberto'),(1,'Roberto',8,207336,0,'Roberto'),(1,'Stiffer',8,207337,0,'Roberto'),(1,'Adriano',8,207338,0,'Stiffer'),(1,'Alencar',8,207339,0,'Stiffer'),(1,'Eraldo',8,207340,0,'Stiffer'),(1,'George',8,207341,0,'Stiffer'),(1,'Hércules',8,207342,0,'Stiffer'),(1,'Roberto',8,207343,0,'Stiffer'),(1,'Stiffer',8,207344,0,'Stiffer'),(1,'Adriano',9,207345,0,'Adriano'),(1,'Alencar',9,207346,0,'Adriano'),(1,'Eraldo',9,207347,0,'Adriano'),(1,'George',9,207348,0,'Adriano'),(1,'Hércules',9,207349,0,'Adriano'),(1,'Roberto',9,207350,0,'Adriano'),(1,'Stiffer',9,207351,0,'Adriano'),(1,'Adriano',9,207352,0,'Alencar'),(1,'Alencar',9,207353,0,'Alencar'),(1,'Eraldo',9,207354,0,'Alencar'),(1,'George',9,207355,0,'Alencar'),(1,'Hércules',9,207356,0,'Alencar'),(1,'Roberto',9,207357,0,'Alencar'),(1,'Stiffer',9,207358,0,'Alencar'),(1,'Adriano',9,207359,0,'Eraldo'),(1,'Alencar',9,207360,0,'Eraldo'),(1,'Eraldo',9,207361,0,'Eraldo'),(1,'George',9,207362,0,'Eraldo'),(1,'Hércules',9,207363,0,'Eraldo'),(1,'Roberto',9,207364,0,'Eraldo'),(1,'Stiffer',9,207365,0,'Eraldo'),(1,'Adriano',9,207366,0,'George'),(1,'Alencar',9,207367,0,'George'),(1,'Eraldo',9,207368,0,'George'),(1,'George',9,207369,0,'George'),(1,'Hércules',9,207370,0,'George'),(1,'Roberto',9,207371,0,'George'),(1,'Stiffer',9,207372,0,'George'),(1,'Adriano',9,207373,0,'Hércules'),(1,'Alencar',9,207374,0,'Hércules'),(1,'Eraldo',9,207375,0,'Hércules'),(1,'George',9,207376,0,'Hércules'),(1,'Hércules',9,207377,0,'Hércules'),(1,'Roberto',9,207378,0,'Hércules'),(1,'Stiffer',9,207379,0,'Hércules'),(1,'Adriano',9,207380,0,'Roberto'),(1,'Alencar',9,207381,0,'Roberto'),(1,'Eraldo',9,207382,0,'Roberto'),(1,'George',9,207383,0,'Roberto'),(1,'Hércules',9,207384,0,'Roberto'),(1,'Roberto',9,207385,0,'Roberto'),(1,'Stiffer',9,207386,0,'Roberto'),(1,'Adriano',9,207387,0,'Stiffer'),(1,'Alencar',9,207388,0,'Stiffer'),(1,'Eraldo',9,207389,0,'Stiffer'),(1,'George',9,207390,0,'Stiffer'),(1,'Hércules',9,207391,0,'Stiffer'),(1,'Roberto',9,207392,0,'Stiffer'),(1,'Stiffer',9,207393,0,'Stiffer'),(1,'Adriano',10,207394,0,'Adriano'),(1,'Alencar',10,207395,0,'Adriano'),(1,'Eraldo',10,207396,0,'Adriano'),(1,'George',10,207397,0,'Adriano'),(1,'Hércules',10,207398,0,'Adriano'),(1,'Roberto',10,207399,0,'Adriano'),(1,'Stiffer',10,207400,0,'Adriano'),(1,'Adriano',10,207401,0,'Alencar'),(1,'Alencar',10,207402,0,'Alencar'),(1,'Eraldo',10,207403,0,'Alencar'),(1,'George',10,207404,0,'Alencar'),(1,'Hércules',10,207405,0,'Alencar'),(1,'Roberto',10,207406,0,'Alencar'),(1,'Stiffer',10,207407,0,'Alencar'),(1,'Adriano',10,207408,0,'Eraldo'),(1,'Alencar',10,207409,0,'Eraldo'),(1,'Eraldo',10,207410,0,'Eraldo'),(1,'George',10,207411,0,'Eraldo'),(1,'Hércules',10,207412,0,'Eraldo'),(1,'Roberto',10,207413,0,'Eraldo'),(1,'Stiffer',10,207414,0,'Eraldo'),(1,'Adriano',10,207415,0,'George'),(1,'Alencar',10,207416,0,'George'),(1,'Eraldo',10,207417,0,'George'),(1,'George',10,207418,0,'George'),(1,'Hércules',10,207419,0,'George'),(1,'Roberto',10,207420,0,'George'),(1,'Stiffer',10,207421,0,'George'),(1,'Adriano',10,207422,0,'Hércules'),(1,'Alencar',10,207423,0,'Hércules'),(1,'Eraldo',10,207424,0,'Hércules'),(1,'George',10,207425,0,'Hércules'),(1,'Hércules',10,207426,0,'Hércules'),(1,'Roberto',10,207427,0,'Hércules'),(1,'Stiffer',10,207428,0,'Hércules'),(1,'Adriano',10,207429,0,'Roberto'),(1,'Alencar',10,207430,0,'Roberto'),(1,'Eraldo',10,207431,0,'Roberto'),(1,'George',10,207432,0,'Roberto'),(1,'Hércules',10,207433,0,'Roberto'),(1,'Roberto',10,207434,0,'Roberto'),(1,'Stiffer',10,207435,0,'Roberto'),(1,'Adriano',10,207436,0,'Stiffer'),(1,'Alencar',10,207437,0,'Stiffer'),(1,'Eraldo',10,207438,0,'Stiffer'),(1,'George',10,207439,0,'Stiffer'),(1,'Hércules',10,207440,0,'Stiffer'),(1,'Roberto',10,207441,0,'Stiffer'),(1,'Stiffer',10,207442,0,'Stiffer'),(1,'Adriano',11,207443,0,'Adriano'),(1,'Alencar',11,207444,0,'Adriano'),(1,'Eraldo',11,207445,0,'Adriano'),(1,'George',11,207446,0,'Adriano'),(1,'Hércules',11,207447,0,'Adriano'),(1,'Roberto',11,207448,0,'Adriano'),(1,'Stiffer',11,207449,0,'Adriano'),(1,'Adriano',11,207450,0,'Alencar'),(1,'Alencar',11,207451,0,'Alencar'),(1,'Eraldo',11,207452,0,'Alencar'),(1,'George',11,207453,0,'Alencar'),(1,'Hércules',11,207454,0,'Alencar'),(1,'Roberto',11,207455,0,'Alencar'),(1,'Stiffer',11,207456,0,'Alencar'),(1,'Adriano',11,207457,0,'Eraldo'),(1,'Alencar',11,207458,0,'Eraldo'),(1,'Eraldo',11,207459,0,'Eraldo'),(1,'George',11,207460,0,'Eraldo'),(1,'Hércules',11,207461,0,'Eraldo'),(1,'Roberto',11,207462,0,'Eraldo'),(1,'Stiffer',11,207463,0,'Eraldo'),(1,'Adriano',11,207464,0,'George'),(1,'Alencar',11,207465,0,'George'),(1,'Eraldo',11,207466,0,'George'),(1,'George',11,207467,0,'George'),(1,'Hércules',11,207468,0,'George'),(1,'Roberto',11,207469,0,'George'),(1,'Stiffer',11,207470,0,'George'),(1,'Adriano',11,207471,0,'Hércules'),(1,'Alencar',11,207472,0,'Hércules'),(1,'Eraldo',11,207473,0,'Hércules'),(1,'George',11,207474,0,'Hércules'),(1,'Hércules',11,207475,0,'Hércules'),(1,'Roberto',11,207476,0,'Hércules'),(1,'Stiffer',11,207477,0,'Hércules'),(1,'Adriano',11,207478,0,'Roberto'),(1,'Alencar',11,207479,0,'Roberto'),(1,'Eraldo',11,207480,0,'Roberto'),(1,'George',11,207481,0,'Roberto'),(1,'Hércules',11,207482,0,'Roberto'),(1,'Roberto',11,207483,0,'Roberto'),(1,'Stiffer',11,207484,0,'Roberto'),(1,'Adriano',11,207485,0,'Stiffer'),(1,'Alencar',11,207486,0,'Stiffer'),(1,'Eraldo',11,207487,0,'Stiffer'),(1,'George',11,207488,0,'Stiffer'),(1,'Hércules',11,207489,0,'Stiffer'),(1,'Roberto',11,207490,0,'Stiffer'),(1,'Stiffer',11,207491,0,'Stiffer'),(1,'Adriano',12,207492,0,'Adriano'),(1,'Alencar',12,207493,0,'Adriano'),(1,'Eraldo',12,207494,0,'Adriano'),(1,'George',12,207495,0,'Adriano'),(1,'Hércules',12,207496,0,'Adriano'),(1,'Roberto',12,207497,0,'Adriano'),(1,'Stiffer',12,207498,0,'Adriano'),(1,'Adriano',12,207499,0,'Alencar'),(1,'Alencar',12,207500,0,'Alencar'),(1,'Eraldo',12,207501,0,'Alencar'),(1,'George',12,207502,0,'Alencar'),(1,'Hércules',12,207503,0,'Alencar'),(1,'Roberto',12,207504,0,'Alencar'),(1,'Stiffer',12,207505,0,'Alencar'),(1,'Adriano',12,207506,0,'Eraldo'),(1,'Alencar',12,207507,0,'Eraldo'),(1,'Eraldo',12,207508,0,'Eraldo'),(1,'George',12,207509,0,'Eraldo'),(1,'Hércules',12,207510,0,'Eraldo'),(1,'Roberto',12,207511,0,'Eraldo'),(1,'Stiffer',12,207512,0,'Eraldo'),(1,'Adriano',12,207513,0,'George'),(1,'Alencar',12,207514,0,'George'),(1,'Eraldo',12,207515,0,'George'),(1,'George',12,207516,0,'George'),(1,'Hércules',12,207517,0,'George'),(1,'Roberto',12,207518,0,'George'),(1,'Stiffer',12,207519,0,'George'),(1,'Adriano',12,207520,0,'Hércules'),(1,'Alencar',12,207521,0,'Hércules'),(1,'Eraldo',12,207522,0,'Hércules'),(1,'George',12,207523,0,'Hércules'),(1,'Hércules',12,207524,0,'Hércules'),(1,'Roberto',12,207525,0,'Hércules'),(1,'Stiffer',12,207526,0,'Hércules'),(1,'Adriano',12,207527,0,'Roberto'),(1,'Alencar',12,207528,0,'Roberto'),(1,'Eraldo',12,207529,0,'Roberto'),(1,'George',12,207530,0,'Roberto'),(1,'Hércules',12,207531,0,'Roberto'),(1,'Roberto',12,207532,0,'Roberto'),(1,'Stiffer',12,207533,0,'Roberto'),(1,'Adriano',12,207534,0,'Stiffer'),(1,'Alencar',12,207535,0,'Stiffer'),(1,'Eraldo',12,207536,0,'Stiffer'),(1,'George',12,207537,0,'Stiffer'),(1,'Hércules',12,207538,0,'Stiffer'),(1,'Roberto',12,207539,0,'Stiffer'),(1,'Stiffer',12,207540,0,'Stiffer'),(1,'Adriano',13,207541,0,'Adriano'),(1,'Alencar',13,207542,0,'Adriano'),(1,'Eraldo',13,207543,0,'Adriano'),(1,'George',13,207544,0,'Adriano'),(1,'Hércules',13,207545,0,'Adriano'),(1,'Roberto',13,207546,0,'Adriano'),(1,'Stiffer',13,207547,0,'Adriano'),(1,'Adriano',13,207548,0,'Alencar'),(1,'Alencar',13,207549,0,'Alencar'),(1,'Eraldo',13,207550,0,'Alencar'),(1,'George',13,207551,0,'Alencar'),(1,'Hércules',13,207552,0,'Alencar'),(1,'Roberto',13,207553,0,'Alencar'),(1,'Stiffer',13,207554,0,'Alencar'),(1,'Adriano',13,207555,0,'Eraldo'),(1,'Alencar',13,207556,0,'Eraldo'),(1,'Eraldo',13,207557,0,'Eraldo'),(1,'George',13,207558,0,'Eraldo'),(1,'Hércules',13,207559,0,'Eraldo'),(1,'Roberto',13,207560,0,'Eraldo'),(1,'Stiffer',13,207561,0,'Eraldo'),(1,'Adriano',13,207562,0,'George'),(1,'Alencar',13,207563,0,'George'),(1,'Eraldo',13,207564,0,'George'),(1,'George',13,207565,0,'George'),(1,'Hércules',13,207566,0,'George'),(1,'Roberto',13,207567,0,'George'),(1,'Stiffer',13,207568,0,'George'),(1,'Adriano',13,207569,0,'Hércules'),(1,'Alencar',13,207570,0,'Hércules'),(1,'Eraldo',13,207571,0,'Hércules'),(1,'George',13,207572,0,'Hércules'),(1,'Hércules',13,207573,0,'Hércules'),(1,'Roberto',13,207574,0,'Hércules'),(1,'Stiffer',13,207575,0,'Hércules'),(1,'Adriano',13,207576,0,'Roberto'),(1,'Alencar',13,207577,0,'Roberto'),(1,'Eraldo',13,207578,0,'Roberto'),(1,'George',13,207579,0,'Roberto'),(1,'Hércules',13,207580,0,'Roberto'),(1,'Roberto',13,207581,0,'Roberto'),(1,'Stiffer',13,207582,0,'Roberto'),(1,'Adriano',13,207583,0,'Stiffer'),(1,'Alencar',13,207584,0,'Stiffer'),(1,'Eraldo',13,207585,0,'Stiffer'),(1,'George',13,207586,0,'Stiffer'),(1,'Hércules',13,207587,0,'Stiffer'),(1,'Roberto',13,207588,0,'Stiffer'),(1,'Stiffer',13,207589,0,'Stiffer'),(1,'Adriano',14,207590,0,'Adriano'),(1,'Alencar',14,207591,0,'Adriano'),(1,'Eraldo',14,207592,0,'Adriano'),(1,'George',14,207593,0,'Adriano'),(1,'Hércules',14,207594,0,'Adriano'),(1,'Roberto',14,207595,0,'Adriano'),(1,'Stiffer',14,207596,0,'Adriano'),(1,'Adriano',14,207597,0,'Alencar'),(1,'Alencar',14,207598,0,'Alencar'),(1,'Eraldo',14,207599,0,'Alencar'),(1,'George',14,207600,0,'Alencar'),(1,'Hércules',14,207601,0,'Alencar'),(1,'Roberto',14,207602,0,'Alencar'),(1,'Stiffer',14,207603,0,'Alencar'),(1,'Adriano',14,207604,0,'Eraldo'),(1,'Alencar',14,207605,0,'Eraldo'),(1,'Eraldo',14,207606,0,'Eraldo'),(1,'George',14,207607,0,'Eraldo'),(1,'Hércules',14,207608,0,'Eraldo'),(1,'Roberto',14,207609,0,'Eraldo'),(1,'Stiffer',14,207610,0,'Eraldo'),(1,'Adriano',14,207611,0,'George'),(1,'Alencar',14,207612,0,'George'),(1,'Eraldo',14,207613,0,'George'),(1,'George',14,207614,0,'George'),(1,'Hércules',14,207615,0,'George'),(1,'Roberto',14,207616,0,'George'),(1,'Stiffer',14,207617,0,'George'),(1,'Adriano',14,207618,0,'Hércules'),(1,'Alencar',14,207619,0,'Hércules'),(1,'Eraldo',14,207620,0,'Hércules'),(1,'George',14,207621,0,'Hércules'),(1,'Hércules',14,207622,0,'Hércules'),(1,'Roberto',14,207623,0,'Hércules'),(1,'Stiffer',14,207624,0,'Hércules'),(1,'Adriano',14,207625,0,'Roberto'),(1,'Alencar',14,207626,0,'Roberto'),(1,'Eraldo',14,207627,0,'Roberto'),(1,'George',14,207628,0,'Roberto'),(1,'Hércules',14,207629,0,'Roberto'),(1,'Roberto',14,207630,0,'Roberto'),(1,'Stiffer',14,207631,0,'Roberto'),(1,'Adriano',14,207632,0,'Stiffer'),(1,'Alencar',14,207633,0,'Stiffer'),(1,'Eraldo',14,207634,0,'Stiffer'),(1,'George',14,207635,0,'Stiffer'),(1,'Hércules',14,207636,0,'Stiffer'),(1,'Roberto',14,207637,0,'Stiffer'),(1,'Stiffer',14,207638,0,'Stiffer'),(1,'Adriano',15,207639,0,'Adriano'),(1,'Alencar',15,207640,0,'Adriano'),(1,'Eraldo',15,207641,0,'Adriano'),(1,'George',15,207642,0,'Adriano'),(1,'Hércules',15,207643,0,'Adriano'),(1,'Roberto',15,207644,0,'Adriano'),(1,'Stiffer',15,207645,0,'Adriano'),(1,'Adriano',15,207646,0,'Alencar'),(1,'Alencar',15,207647,0,'Alencar'),(1,'Eraldo',15,207648,0,'Alencar'),(1,'George',15,207649,0,'Alencar'),(1,'Hércules',15,207650,0,'Alencar'),(1,'Roberto',15,207651,0,'Alencar'),(1,'Stiffer',15,207652,0,'Alencar'),(1,'Adriano',15,207653,0,'Eraldo'),(1,'Alencar',15,207654,0,'Eraldo'),(1,'Eraldo',15,207655,0,'Eraldo'),(1,'George',15,207656,0,'Eraldo'),(1,'Hércules',15,207657,0,'Eraldo'),(1,'Roberto',15,207658,0,'Eraldo'),(1,'Stiffer',15,207659,0,'Eraldo'),(1,'Adriano',15,207660,0,'George'),(1,'Alencar',15,207661,0,'George'),(1,'Eraldo',15,207662,0,'George'),(1,'George',15,207663,0,'George'),(1,'Hércules',15,207664,0,'George'),(1,'Roberto',15,207665,0,'George'),(1,'Stiffer',15,207666,0,'George'),(1,'Adriano',15,207667,0,'Hércules'),(1,'Alencar',15,207668,0,'Hércules'),(1,'Eraldo',15,207669,0,'Hércules'),(1,'George',15,207670,0,'Hércules'),(1,'Hércules',15,207671,0,'Hércules'),(1,'Roberto',15,207672,0,'Hércules'),(1,'Stiffer',15,207673,0,'Hércules'),(1,'Adriano',15,207674,0,'Roberto'),(1,'Alencar',15,207675,0,'Roberto'),(1,'Eraldo',15,207676,0,'Roberto'),(1,'George',15,207677,0,'Roberto'),(1,'Hércules',15,207678,0,'Roberto'),(1,'Roberto',15,207679,0,'Roberto'),(1,'Stiffer',15,207680,0,'Roberto'),(1,'Adriano',15,207681,0,'Stiffer'),(1,'Alencar',15,207682,0,'Stiffer'),(1,'Eraldo',15,207683,0,'Stiffer'),(1,'George',15,207684,0,'Stiffer'),(1,'Hércules',15,207685,0,'Stiffer'),(1,'Roberto',15,207686,0,'Stiffer'),(1,'Stiffer',15,207687,0,'Stiffer'),(1,'Adriano',16,207688,0,'Adriano'),(1,'Alencar',16,207689,0,'Adriano'),(1,'Eraldo',16,207690,0,'Adriano'),(1,'George',16,207691,0,'Adriano'),(1,'Hércules',16,207692,0,'Adriano'),(1,'Roberto',16,207693,0,'Adriano'),(1,'Stiffer',16,207694,0,'Adriano'),(1,'Adriano',16,207695,0,'Alencar'),(1,'Alencar',16,207696,0,'Alencar'),(1,'Eraldo',16,207697,0,'Alencar'),(1,'George',16,207698,0,'Alencar'),(1,'Hércules',16,207699,0,'Alencar'),(1,'Roberto',16,207700,0,'Alencar'),(1,'Stiffer',16,207701,0,'Alencar'),(1,'Adriano',16,207702,0,'Eraldo'),(1,'Alencar',16,207703,0,'Eraldo'),(1,'Eraldo',16,207704,0,'Eraldo'),(1,'George',16,207705,0,'Eraldo'),(1,'Hércules',16,207706,0,'Eraldo'),(1,'Roberto',16,207707,0,'Eraldo'),(1,'Stiffer',16,207708,0,'Eraldo'),(1,'Adriano',16,207709,0,'George'),(1,'Alencar',16,207710,0,'George'),(1,'Eraldo',16,207711,0,'George'),(1,'George',16,207712,0,'George'),(1,'Hércules',16,207713,0,'George'),(1,'Roberto',16,207714,0,'George'),(1,'Stiffer',16,207715,0,'George'),(1,'Adriano',16,207716,0,'Hércules'),(1,'Alencar',16,207717,0,'Hércules'),(1,'Eraldo',16,207718,0,'Hércules'),(1,'George',16,207719,0,'Hércules'),(1,'Hércules',16,207720,0,'Hércules'),(1,'Roberto',16,207721,0,'Hércules'),(1,'Stiffer',16,207722,0,'Hércules'),(1,'Adriano',16,207723,0,'Roberto'),(1,'Alencar',16,207724,0,'Roberto'),(1,'Eraldo',16,207725,0,'Roberto'),(1,'George',16,207726,0,'Roberto'),(1,'Hércules',16,207727,0,'Roberto'),(1,'Roberto',16,207728,0,'Roberto'),(1,'Stiffer',16,207729,0,'Roberto'),(1,'Adriano',16,207730,0,'Stiffer'),(1,'Alencar',16,207731,0,'Stiffer'),(1,'Eraldo',16,207732,0,'Stiffer'),(1,'George',16,207733,0,'Stiffer'),(1,'Hércules',16,207734,0,'Stiffer'),(1,'Roberto',16,207735,0,'Stiffer'),(1,'Stiffer',16,207736,0,'Stiffer'),(1,'Adriano',17,207737,0,'Adriano'),(1,'Alencar',17,207738,0,'Adriano'),(1,'Eraldo',17,207739,0,'Adriano'),(1,'George',17,207740,0,'Adriano'),(1,'Hércules',17,207741,0,'Adriano'),(1,'Roberto',17,207742,0,'Adriano'),(1,'Stiffer',17,207743,0,'Adriano'),(1,'Adriano',17,207744,0,'Alencar'),(1,'Alencar',17,207745,0,'Alencar'),(1,'Eraldo',17,207746,0,'Alencar'),(1,'George',17,207747,0,'Alencar'),(1,'Hércules',17,207748,0,'Alencar'),(1,'Roberto',17,207749,0,'Alencar'),(1,'Stiffer',17,207750,0,'Alencar'),(1,'Adriano',17,207751,0,'Eraldo'),(1,'Alencar',17,207752,0,'Eraldo'),(1,'Eraldo',17,207753,0,'Eraldo'),(1,'George',17,207754,0,'Eraldo'),(1,'Hércules',17,207755,0,'Eraldo'),(1,'Roberto',17,207756,0,'Eraldo'),(1,'Stiffer',17,207757,0,'Eraldo'),(1,'Adriano',17,207758,0,'George'),(1,'Alencar',17,207759,0,'George'),(1,'Eraldo',17,207760,0,'George'),(1,'George',17,207761,0,'George'),(1,'Hércules',17,207762,0,'George'),(1,'Roberto',17,207763,0,'George'),(1,'Stiffer',17,207764,0,'George'),(1,'Adriano',17,207765,0,'Hércules'),(1,'Alencar',17,207766,0,'Hércules'),(1,'Eraldo',17,207767,0,'Hércules'),(1,'George',17,207768,0,'Hércules'),(1,'Hércules',17,207769,0,'Hércules'),(1,'Roberto',17,207770,0,'Hércules'),(1,'Stiffer',17,207771,0,'Hércules'),(1,'Adriano',17,207772,0,'Roberto'),(1,'Alencar',17,207773,0,'Roberto'),(1,'Eraldo',17,207774,0,'Roberto'),(1,'George',17,207775,0,'Roberto'),(1,'Hércules',17,207776,0,'Roberto'),(1,'Roberto',17,207777,0,'Roberto'),(1,'Stiffer',17,207778,0,'Roberto'),(1,'Adriano',17,207779,0,'Stiffer'),(1,'Alencar',17,207780,0,'Stiffer'),(1,'Eraldo',17,207781,0,'Stiffer'),(1,'George',17,207782,0,'Stiffer'),(1,'Hércules',17,207783,0,'Stiffer'),(1,'Roberto',17,207784,0,'Stiffer'),(1,'Stiffer',17,207785,0,'Stiffer'),(1,'Adriano',18,207786,0,'Adriano'),(1,'Alencar',18,207787,0,'Adriano'),(1,'Eraldo',18,207788,0,'Adriano'),(1,'George',18,207789,0,'Adriano'),(1,'Hércules',18,207790,0,'Adriano'),(1,'Roberto',18,207791,0,'Adriano'),(1,'Stiffer',18,207792,0,'Adriano'),(1,'Adriano',18,207793,0,'Alencar'),(1,'Alencar',18,207794,0,'Alencar'),(1,'Eraldo',18,207795,0,'Alencar'),(1,'George',18,207796,0,'Alencar'),(1,'Hércules',18,207797,0,'Alencar'),(1,'Roberto',18,207798,0,'Alencar'),(1,'Stiffer',18,207799,0,'Alencar'),(1,'Adriano',18,207800,0,'Eraldo'),(1,'Alencar',18,207801,0,'Eraldo'),(1,'Eraldo',18,207802,0,'Eraldo'),(1,'George',18,207803,0,'Eraldo'),(1,'Hércules',18,207804,0,'Eraldo'),(1,'Roberto',18,207805,0,'Eraldo'),(1,'Stiffer',18,207806,0,'Eraldo'),(1,'Adriano',18,207807,0,'George'),(1,'Alencar',18,207808,0,'George'),(1,'Eraldo',18,207809,0,'George'),(1,'George',18,207810,0,'George'),(1,'Hércules',18,207811,0,'George'),(1,'Roberto',18,207812,0,'George'),(1,'Stiffer',18,207813,0,'George'),(1,'Adriano',18,207814,0,'Hércules'),(1,'Alencar',18,207815,0,'Hércules'),(1,'Eraldo',18,207816,0,'Hércules'),(1,'George',18,207817,0,'Hércules'),(1,'Hércules',18,207818,0,'Hércules'),(1,'Roberto',18,207819,0,'Hércules'),(1,'Stiffer',18,207820,0,'Hércules'),(1,'Adriano',18,207821,0,'Roberto'),(1,'Alencar',18,207822,0,'Roberto'),(1,'Eraldo',18,207823,0,'Roberto'),(1,'George',18,207824,0,'Roberto'),(1,'Hércules',18,207825,0,'Roberto'),(1,'Roberto',18,207826,0,'Roberto'),(1,'Stiffer',18,207827,0,'Roberto'),(1,'Adriano',18,207828,0,'Stiffer'),(1,'Alencar',18,207829,0,'Stiffer'),(1,'Eraldo',18,207830,0,'Stiffer'),(1,'George',18,207831,0,'Stiffer'),(1,'Hércules',18,207832,0,'Stiffer'),(1,'Roberto',18,207833,0,'Stiffer'),(1,'Stiffer',18,207834,0,'Stiffer'),(1,'Adriano',19,207835,0,'Adriano'),(1,'Alencar',19,207836,0,'Adriano'),(1,'Eraldo',19,207837,0,'Adriano'),(1,'George',19,207838,0,'Adriano'),(1,'Hércules',19,207839,0,'Adriano'),(1,'Roberto',19,207840,0,'Adriano'),(1,'Stiffer',19,207841,0,'Adriano'),(1,'Adriano',19,207842,0,'Alencar'),(1,'Alencar',19,207843,0,'Alencar'),(1,'Eraldo',19,207844,0,'Alencar'),(1,'George',19,207845,0,'Alencar'),(1,'Hércules',19,207846,0,'Alencar'),(1,'Roberto',19,207847,0,'Alencar'),(1,'Stiffer',19,207848,0,'Alencar'),(1,'Adriano',19,207849,0,'Eraldo'),(1,'Alencar',19,207850,0,'Eraldo'),(1,'Eraldo',19,207851,0,'Eraldo'),(1,'George',19,207852,0,'Eraldo'),(1,'Hércules',19,207853,0,'Eraldo'),(1,'Roberto',19,207854,0,'Eraldo'),(1,'Stiffer',19,207855,0,'Eraldo'),(1,'Adriano',19,207856,0,'George'),(1,'Alencar',19,207857,0,'George'),(1,'Eraldo',19,207858,0,'George'),(1,'George',19,207859,0,'George'),(1,'Hércules',19,207860,0,'George'),(1,'Roberto',19,207861,0,'George'),(1,'Stiffer',19,207862,0,'George'),(1,'Adriano',19,207863,0,'Hércules'),(1,'Alencar',19,207864,0,'Hércules'),(1,'Eraldo',19,207865,0,'Hércules'),(1,'George',19,207866,0,'Hércules'),(1,'Hércules',19,207867,0,'Hércules'),(1,'Roberto',19,207868,0,'Hércules'),(1,'Stiffer',19,207869,0,'Hércules'),(1,'Adriano',19,207870,0,'Roberto'),(1,'Alencar',19,207871,0,'Roberto'),(1,'Eraldo',19,207872,0,'Roberto'),(1,'George',19,207873,0,'Roberto'),(1,'Hércules',19,207874,0,'Roberto'),(1,'Roberto',19,207875,0,'Roberto'),(1,'Stiffer',19,207876,0,'Roberto'),(1,'Adriano',19,207877,0,'Stiffer'),(1,'Alencar',19,207878,0,'Stiffer'),(1,'Eraldo',19,207879,0,'Stiffer'),(1,'George',19,207880,0,'Stiffer'),(1,'Hércules',19,207881,0,'Stiffer'),(1,'Roberto',19,207882,0,'Stiffer'),(1,'Stiffer',19,207883,0,'Stiffer'),(1,'Adriano',20,207884,0,'Adriano'),(1,'Alencar',20,207885,0,'Adriano'),(1,'Eraldo',20,207886,0,'Adriano'),(1,'George',20,207887,0,'Adriano'),(1,'Hércules',20,207888,0,'Adriano'),(1,'Roberto',20,207889,0,'Adriano'),(1,'Stiffer',20,207890,0,'Adriano'),(1,'Adriano',20,207891,0,'Alencar'),(1,'Alencar',20,207892,0,'Alencar'),(1,'Eraldo',20,207893,0,'Alencar'),(1,'George',20,207894,0,'Alencar'),(1,'Hércules',20,207895,0,'Alencar'),(1,'Roberto',20,207896,0,'Alencar'),(1,'Stiffer',20,207897,0,'Alencar'),(1,'Adriano',20,207898,0,'Eraldo'),(1,'Alencar',20,207899,0,'Eraldo'),(1,'Eraldo',20,207900,0,'Eraldo'),(1,'George',20,207901,0,'Eraldo'),(1,'Hércules',20,207902,0,'Eraldo'),(1,'Roberto',20,207903,0,'Eraldo'),(1,'Stiffer',20,207904,0,'Eraldo'),(1,'Adriano',20,207905,0,'George'),(1,'Alencar',20,207906,0,'George'),(1,'Eraldo',20,207907,0,'George'),(1,'George',20,207908,0,'George'),(1,'Hércules',20,207909,0,'George'),(1,'Roberto',20,207910,0,'George'),(1,'Stiffer',20,207911,0,'George'),(1,'Adriano',20,207912,0,'Hércules'),(1,'Alencar',20,207913,0,'Hércules'),(1,'Eraldo',20,207914,0,'Hércules'),(1,'George',20,207915,0,'Hércules'),(1,'Hércules',20,207916,0,'Hércules'),(1,'Roberto',20,207917,0,'Hércules'),(1,'Stiffer',20,207918,0,'Hércules'),(1,'Adriano',20,207919,0,'Roberto'),(1,'Alencar',20,207920,0,'Roberto'),(1,'Eraldo',20,207921,0,'Roberto'),(1,'George',20,207922,0,'Roberto'),(1,'Hércules',20,207923,0,'Roberto'),(1,'Roberto',20,207924,0,'Roberto'),(1,'Stiffer',20,207925,0,'Roberto'),(1,'Adriano',20,207926,0,'Stiffer'),(1,'Alencar',20,207927,0,'Stiffer'),(1,'Eraldo',20,207928,0,'Stiffer'),(1,'George',20,207929,0,'Stiffer'),(1,'Hércules',20,207930,0,'Stiffer'),(1,'Roberto',20,207931,0,'Stiffer'),(1,'Stiffer',20,207932,0,'Stiffer'),(1,'Adriano',21,207933,0,'Adriano'),(1,'Alencar',21,207934,0,'Adriano'),(1,'Eraldo',21,207935,0,'Adriano'),(1,'George',21,207936,0,'Adriano'),(1,'Hércules',21,207937,0,'Adriano'),(1,'Roberto',21,207938,0,'Adriano'),(1,'Stiffer',21,207939,0,'Adriano'),(1,'Adriano',21,207940,0,'Alencar'),(1,'Alencar',21,207941,0,'Alencar'),(1,'Eraldo',21,207942,0,'Alencar'),(1,'George',21,207943,0,'Alencar'),(1,'Hércules',21,207944,0,'Alencar'),(1,'Roberto',21,207945,0,'Alencar'),(1,'Stiffer',21,207946,0,'Alencar'),(1,'Adriano',21,207947,0,'Eraldo'),(1,'Alencar',21,207948,0,'Eraldo'),(1,'Eraldo',21,207949,0,'Eraldo'),(1,'George',21,207950,0,'Eraldo'),(1,'Hércules',21,207951,0,'Eraldo'),(1,'Roberto',21,207952,0,'Eraldo'),(1,'Stiffer',21,207953,0,'Eraldo'),(1,'Adriano',21,207954,0,'George'),(1,'Alencar',21,207955,0,'George'),(1,'Eraldo',21,207956,0,'George'),(1,'George',21,207957,0,'George'),(1,'Hércules',21,207958,0,'George'),(1,'Roberto',21,207959,0,'George'),(1,'Stiffer',21,207960,0,'George'),(1,'Adriano',21,207961,0,'Hércules'),(1,'Alencar',21,207962,0,'Hércules'),(1,'Eraldo',21,207963,0,'Hércules'),(1,'George',21,207964,0,'Hércules'),(1,'Hércules',21,207965,0,'Hércules'),(1,'Roberto',21,207966,0,'Hércules'),(1,'Stiffer',21,207967,0,'Hércules'),(1,'Adriano',21,207968,0,'Roberto'),(1,'Alencar',21,207969,0,'Roberto'),(1,'Eraldo',21,207970,0,'Roberto'),(1,'George',21,207971,0,'Roberto'),(1,'Hércules',21,207972,0,'Roberto'),(1,'Roberto',21,207973,0,'Roberto'),(1,'Stiffer',21,207974,0,'Roberto'),(1,'Adriano',21,207975,0,'Stiffer'),(1,'Alencar',21,207976,0,'Stiffer'),(1,'Eraldo',21,207977,0,'Stiffer'),(1,'George',21,207978,0,'Stiffer'),(1,'Hércules',21,207979,0,'Stiffer'),(1,'Roberto',21,207980,0,'Stiffer'),(1,'Stiffer',21,207981,0,'Stiffer'),(1,'Adriano',22,207982,0,'Adriano'),(1,'Alencar',22,207983,0,'Adriano'),(1,'Eraldo',22,207984,0,'Adriano'),(1,'George',22,207985,0,'Adriano'),(1,'Hércules',22,207986,0,'Adriano'),(1,'Roberto',22,207987,0,'Adriano'),(1,'Stiffer',22,207988,0,'Adriano'),(1,'Adriano',22,207989,0,'Alencar'),(1,'Alencar',22,207990,0,'Alencar'),(1,'Eraldo',22,207991,0,'Alencar'),(1,'George',22,207992,0,'Alencar'),(1,'Hércules',22,207993,0,'Alencar'),(1,'Roberto',22,207994,0,'Alencar'),(1,'Stiffer',22,207995,0,'Alencar'),(1,'Adriano',22,207996,0,'Eraldo'),(1,'Alencar',22,207997,0,'Eraldo'),(1,'Eraldo',22,207998,0,'Eraldo'),(1,'George',22,207999,0,'Eraldo'),(1,'Hércules',22,208000,0,'Eraldo'),(1,'Roberto',22,208001,0,'Eraldo'),(1,'Stiffer',22,208002,0,'Eraldo'),(1,'Adriano',22,208003,0,'George'),(1,'Alencar',22,208004,0,'George'),(1,'Eraldo',22,208005,0,'George'),(1,'George',22,208006,0,'George'),(1,'Hércules',22,208007,0,'George'),(1,'Roberto',22,208008,0,'George'),(1,'Stiffer',22,208009,0,'George'),(1,'Adriano',22,208010,0,'Hércules'),(1,'Alencar',22,208011,0,'Hércules'),(1,'Eraldo',22,208012,0,'Hércules'),(1,'George',22,208013,0,'Hércules'),(1,'Hércules',22,208014,0,'Hércules'),(1,'Roberto',22,208015,0,'Hércules'),(1,'Stiffer',22,208016,0,'Hércules'),(1,'Adriano',22,208017,0,'Roberto'),(1,'Alencar',22,208018,0,'Roberto'),(1,'Eraldo',22,208019,0,'Roberto'),(1,'George',22,208020,0,'Roberto'),(1,'Hércules',22,208021,0,'Roberto'),(1,'Roberto',22,208022,0,'Roberto'),(1,'Stiffer',22,208023,0,'Roberto'),(1,'Adriano',22,208024,0,'Stiffer'),(1,'Alencar',22,208025,0,'Stiffer'),(1,'Eraldo',22,208026,0,'Stiffer'),(1,'George',22,208027,0,'Stiffer'),(1,'Hércules',22,208028,0,'Stiffer'),(1,'Roberto',22,208029,0,'Stiffer'),(1,'Stiffer',22,208030,0,'Stiffer'),(1,'Adriano',23,208031,0,'Adriano'),(1,'Alencar',23,208032,0,'Adriano'),(1,'Eraldo',23,208033,0,'Adriano'),(1,'George',23,208034,0,'Adriano'),(1,'Hércules',23,208035,0,'Adriano'),(1,'Roberto',23,208036,0,'Adriano'),(1,'Stiffer',23,208037,0,'Adriano'),(1,'Adriano',23,208038,0,'Alencar'),(1,'Alencar',23,208039,0,'Alencar'),(1,'Eraldo',23,208040,0,'Alencar'),(1,'George',23,208041,0,'Alencar'),(1,'Hércules',23,208042,0,'Alencar'),(1,'Roberto',23,208043,0,'Alencar'),(1,'Stiffer',23,208044,0,'Alencar'),(1,'Adriano',23,208045,0,'Eraldo'),(1,'Alencar',23,208046,0,'Eraldo'),(1,'Eraldo',23,208047,0,'Eraldo'),(1,'George',23,208048,0,'Eraldo'),(1,'Hércules',23,208049,0,'Eraldo'),(1,'Roberto',23,208050,0,'Eraldo'),(1,'Stiffer',23,208051,0,'Eraldo'),(1,'Adriano',23,208052,0,'George'),(1,'Alencar',23,208053,0,'George'),(1,'Eraldo',23,208054,0,'George'),(1,'George',23,208055,0,'George'),(1,'Hércules',23,208056,0,'George'),(1,'Roberto',23,208057,0,'George'),(1,'Stiffer',23,208058,0,'George'),(1,'Adriano',23,208059,0,'Hércules'),(1,'Alencar',23,208060,0,'Hércules'),(1,'Eraldo',23,208061,0,'Hércules'),(1,'George',23,208062,0,'Hércules'),(1,'Hércules',23,208063,0,'Hércules'),(1,'Roberto',23,208064,0,'Hércules'),(1,'Stiffer',23,208065,0,'Hércules'),(1,'Adriano',23,208066,0,'Roberto'),(1,'Alencar',23,208067,0,'Roberto'),(1,'Eraldo',23,208068,0,'Roberto'),(1,'George',23,208069,0,'Roberto'),(1,'Hércules',23,208070,0,'Roberto'),(1,'Roberto',23,208071,0,'Roberto'),(1,'Stiffer',23,208072,0,'Roberto'),(1,'Adriano',23,208073,0,'Stiffer'),(1,'Alencar',23,208074,0,'Stiffer'),(1,'Eraldo',23,208075,0,'Stiffer'),(1,'George',23,208076,0,'Stiffer'),(1,'Hércules',23,208077,0,'Stiffer'),(1,'Roberto',23,208078,0,'Stiffer'),(1,'Stiffer',23,208079,0,'Stiffer'),(1,'Adriano',24,208080,0,'Adriano'),(1,'Alencar',24,208081,0,'Adriano'),(1,'Eraldo',24,208082,0,'Adriano'),(1,'George',24,208083,0,'Adriano'),(1,'Hércules',24,208084,0,'Adriano'),(1,'Roberto',24,208085,0,'Adriano'),(1,'Stiffer',24,208086,0,'Adriano'),(1,'Adriano',24,208087,0,'Alencar'),(1,'Alencar',24,208088,0,'Alencar'),(1,'Eraldo',24,208089,0,'Alencar'),(1,'George',24,208090,0,'Alencar'),(1,'Hércules',24,208091,0,'Alencar'),(1,'Roberto',24,208092,0,'Alencar'),(1,'Stiffer',24,208093,0,'Alencar'),(1,'Adriano',24,208094,0,'Eraldo'),(1,'Alencar',24,208095,0,'Eraldo'),(1,'Eraldo',24,208096,0,'Eraldo'),(1,'George',24,208097,0,'Eraldo'),(1,'Hércules',24,208098,0,'Eraldo'),(1,'Roberto',24,208099,0,'Eraldo'),(1,'Stiffer',24,208100,0,'Eraldo'),(1,'Adriano',24,208101,0,'George'),(1,'Alencar',24,208102,0,'George'),(1,'Eraldo',24,208103,0,'George'),(1,'George',24,208104,0,'George'),(1,'Hércules',24,208105,0,'George'),(1,'Roberto',24,208106,0,'George'),(1,'Stiffer',24,208107,0,'George'),(1,'Adriano',24,208108,0,'Hércules'),(1,'Alencar',24,208109,0,'Hércules'),(1,'Eraldo',24,208110,0,'Hércules'),(1,'George',24,208111,0,'Hércules'),(1,'Hércules',24,208112,0,'Hércules'),(1,'Roberto',24,208113,0,'Hércules'),(1,'Stiffer',24,208114,0,'Hércules'),(1,'Adriano',24,208115,0,'Roberto'),(1,'Alencar',24,208116,0,'Roberto'),(1,'Eraldo',24,208117,0,'Roberto'),(1,'George',24,208118,0,'Roberto'),(1,'Hércules',24,208119,0,'Roberto'),(1,'Roberto',24,208120,0,'Roberto'),(1,'Stiffer',24,208121,0,'Roberto'),(1,'Adriano',24,208122,0,'Stiffer'),(1,'Alencar',24,208123,0,'Stiffer'),(1,'Eraldo',24,208124,0,'Stiffer'),(1,'George',24,208125,0,'Stiffer'),(1,'Hércules',24,208126,0,'Stiffer'),(1,'Roberto',24,208127,0,'Stiffer'),(1,'Stiffer',24,208128,0,'Stiffer'),(1,'Adriano',25,208129,0,'Adriano'),(1,'Alencar',25,208130,0,'Adriano'),(1,'Eraldo',25,208131,0,'Adriano'),(1,'George',25,208132,0,'Adriano'),(1,'Hércules',25,208133,0,'Adriano'),(1,'Roberto',25,208134,0,'Adriano'),(1,'Stiffer',25,208135,0,'Adriano'),(1,'Adriano',25,208136,0,'Alencar'),(1,'Alencar',25,208137,0,'Alencar'),(1,'Eraldo',25,208138,0,'Alencar'),(1,'George',25,208139,0,'Alencar'),(1,'Hércules',25,208140,0,'Alencar'),(1,'Roberto',25,208141,0,'Alencar'),(1,'Stiffer',25,208142,0,'Alencar'),(1,'Adriano',25,208143,0,'Eraldo'),(1,'Alencar',25,208144,0,'Eraldo'),(1,'Eraldo',25,208145,0,'Eraldo'),(1,'George',25,208146,0,'Eraldo'),(1,'Hércules',25,208147,0,'Eraldo'),(1,'Roberto',25,208148,0,'Eraldo'),(1,'Stiffer',25,208149,0,'Eraldo'),(1,'Adriano',25,208150,0,'George'),(1,'Alencar',25,208151,0,'George'),(1,'Eraldo',25,208152,0,'George'),(1,'George',25,208153,0,'George'),(1,'Hércules',25,208154,0,'George'),(1,'Roberto',25,208155,0,'George'),(1,'Stiffer',25,208156,0,'George'),(1,'Adriano',25,208157,0,'Hércules'),(1,'Alencar',25,208158,0,'Hércules'),(1,'Eraldo',25,208159,0,'Hércules'),(1,'George',25,208160,0,'Hércules'),(1,'Hércules',25,208161,0,'Hércules'),(1,'Roberto',25,208162,0,'Hércules'),(1,'Stiffer',25,208163,0,'Hércules'),(1,'Adriano',25,208164,0,'Roberto'),(1,'Alencar',25,208165,0,'Roberto'),(1,'Eraldo',25,208166,0,'Roberto'),(1,'George',25,208167,0,'Roberto'),(1,'Hércules',25,208168,0,'Roberto'),(1,'Roberto',25,208169,0,'Roberto'),(1,'Stiffer',25,208170,0,'Roberto'),(1,'Adriano',25,208171,0,'Stiffer'),(1,'Alencar',25,208172,0,'Stiffer'),(1,'Eraldo',25,208173,0,'Stiffer'),(1,'George',25,208174,0,'Stiffer'),(1,'Hércules',25,208175,0,'Stiffer'),(1,'Roberto',25,208176,0,'Stiffer'),(1,'Stiffer',25,208177,0,'Stiffer'),(1,'Adriano',26,208178,0,'Adriano'),(1,'Alencar',26,208179,0,'Adriano'),(1,'Eraldo',26,208180,0,'Adriano'),(1,'George',26,208181,0,'Adriano'),(1,'Hércules',26,208182,0,'Adriano'),(1,'Roberto',26,208183,0,'Adriano'),(1,'Stiffer',26,208184,0,'Adriano'),(1,'Adriano',26,208185,0,'Alencar'),(1,'Alencar',26,208186,0,'Alencar'),(1,'Eraldo',26,208187,0,'Alencar'),(1,'George',26,208188,0,'Alencar'),(1,'Hércules',26,208189,0,'Alencar'),(1,'Roberto',26,208190,0,'Alencar'),(1,'Stiffer',26,208191,0,'Alencar'),(1,'Adriano',26,208192,0,'Eraldo'),(1,'Alencar',26,208193,0,'Eraldo'),(1,'Eraldo',26,208194,0,'Eraldo'),(1,'George',26,208195,0,'Eraldo'),(1,'Hércules',26,208196,0,'Eraldo'),(1,'Roberto',26,208197,0,'Eraldo'),(1,'Stiffer',26,208198,0,'Eraldo'),(1,'Adriano',26,208199,0,'George'),(1,'Alencar',26,208200,0,'George'),(1,'Eraldo',26,208201,0,'George'),(1,'George',26,208202,0,'George'),(1,'Hércules',26,208203,0,'George'),(1,'Roberto',26,208204,0,'George'),(1,'Stiffer',26,208205,0,'George'),(1,'Adriano',26,208206,0,'Hércules'),(1,'Alencar',26,208207,0,'Hércules'),(1,'Eraldo',26,208208,0,'Hércules'),(1,'George',26,208209,0,'Hércules'),(1,'Hércules',26,208210,0,'Hércules'),(1,'Roberto',26,208211,0,'Hércules'),(1,'Stiffer',26,208212,0,'Hércules'),(1,'Adriano',26,208213,0,'Roberto'),(1,'Alencar',26,208214,0,'Roberto'),(1,'Eraldo',26,208215,0,'Roberto'),(1,'George',26,208216,0,'Roberto'),(1,'Hércules',26,208217,0,'Roberto'),(1,'Roberto',26,208218,0,'Roberto'),(1,'Stiffer',26,208219,0,'Roberto'),(1,'Adriano',26,208220,0,'Stiffer'),(1,'Alencar',26,208221,0,'Stiffer'),(1,'Eraldo',26,208222,0,'Stiffer'),(1,'George',26,208223,0,'Stiffer'),(1,'Hércules',26,208224,0,'Stiffer'),(1,'Roberto',26,208225,0,'Stiffer'),(1,'Stiffer',26,208226,0,'Stiffer'),(1,'Adriano',27,208227,0,'Adriano'),(1,'Alencar',27,208228,0,'Adriano'),(1,'Eraldo',27,208229,0,'Adriano'),(1,'George',27,208230,0,'Adriano'),(1,'Hércules',27,208231,0,'Adriano'),(1,'Roberto',27,208232,0,'Adriano'),(1,'Stiffer',27,208233,0,'Adriano'),(1,'Adriano',27,208234,0,'Alencar'),(1,'Alencar',27,208235,0,'Alencar'),(1,'Eraldo',27,208236,0,'Alencar'),(1,'George',27,208237,0,'Alencar'),(1,'Hércules',27,208238,0,'Alencar'),(1,'Roberto',27,208239,0,'Alencar'),(1,'Stiffer',27,208240,0,'Alencar'),(1,'Adriano',27,208241,0,'Eraldo'),(1,'Alencar',27,208242,0,'Eraldo'),(1,'Eraldo',27,208243,0,'Eraldo'),(1,'George',27,208244,0,'Eraldo'),(1,'Hércules',27,208245,0,'Eraldo'),(1,'Roberto',27,208246,0,'Eraldo'),(1,'Stiffer',27,208247,0,'Eraldo'),(1,'Adriano',27,208248,0,'George'),(1,'Alencar',27,208249,0,'George'),(1,'Eraldo',27,208250,0,'George'),(1,'George',27,208251,0,'George'),(1,'Hércules',27,208252,0,'George'),(1,'Roberto',27,208253,0,'George'),(1,'Stiffer',27,208254,0,'George'),(1,'Adriano',27,208255,0,'Hércules'),(1,'Alencar',27,208256,0,'Hércules'),(1,'Eraldo',27,208257,0,'Hércules'),(1,'George',27,208258,0,'Hércules'),(1,'Hércules',27,208259,0,'Hércules'),(1,'Roberto',27,208260,0,'Hércules'),(1,'Stiffer',27,208261,0,'Hércules'),(1,'Adriano',27,208262,0,'Roberto'),(1,'Alencar',27,208263,0,'Roberto'),(1,'Eraldo',27,208264,0,'Roberto'),(1,'George',27,208265,0,'Roberto'),(1,'Hércules',27,208266,0,'Roberto'),(1,'Roberto',27,208267,0,'Roberto'),(1,'Stiffer',27,208268,0,'Roberto'),(1,'Adriano',27,208269,0,'Stiffer'),(1,'Alencar',27,208270,0,'Stiffer'),(1,'Eraldo',27,208271,0,'Stiffer'),(1,'George',27,208272,0,'Stiffer'),(1,'Hércules',27,208273,0,'Stiffer'),(1,'Roberto',27,208274,0,'Stiffer'),(1,'Stiffer',27,208275,0,'Stiffer'),(1,'Adriano',28,208276,0,'Adriano'),(1,'Alencar',28,208277,0,'Adriano'),(1,'Eraldo',28,208278,0,'Adriano'),(1,'George',28,208279,0,'Adriano'),(1,'Hércules',28,208280,0,'Adriano'),(1,'Roberto',28,208281,0,'Adriano'),(1,'Stiffer',28,208282,0,'Adriano'),(1,'Adriano',28,208283,0,'Alencar'),(1,'Alencar',28,208284,0,'Alencar'),(1,'Eraldo',28,208285,0,'Alencar'),(1,'George',28,208286,0,'Alencar'),(1,'Hércules',28,208287,0,'Alencar'),(1,'Roberto',28,208288,0,'Alencar'),(1,'Stiffer',28,208289,0,'Alencar'),(1,'Adriano',28,208290,0,'Eraldo'),(1,'Alencar',28,208291,0,'Eraldo'),(1,'Eraldo',28,208292,0,'Eraldo'),(1,'George',28,208293,0,'Eraldo'),(1,'Hércules',28,208294,0,'Eraldo'),(1,'Roberto',28,208295,0,'Eraldo'),(1,'Stiffer',28,208296,0,'Eraldo'),(1,'Adriano',28,208297,0,'George'),(1,'Alencar',28,208298,0,'George'),(1,'Eraldo',28,208299,0,'George'),(1,'George',28,208300,0,'George'),(1,'Hércules',28,208301,0,'George'),(1,'Roberto',28,208302,0,'George'),(1,'Stiffer',28,208303,0,'George'),(1,'Adriano',28,208304,0,'Hércules'),(1,'Alencar',28,208305,0,'Hércules'),(1,'Eraldo',28,208306,0,'Hércules'),(1,'George',28,208307,0,'Hércules'),(1,'Hércules',28,208308,0,'Hércules'),(1,'Roberto',28,208309,0,'Hércules'),(1,'Stiffer',28,208310,0,'Hércules'),(1,'Adriano',28,208311,0,'Roberto'),(1,'Alencar',28,208312,0,'Roberto'),(1,'Eraldo',28,208313,0,'Roberto'),(1,'George',28,208314,0,'Roberto'),(1,'Hércules',28,208315,0,'Roberto'),(1,'Roberto',28,208316,0,'Roberto'),(1,'Stiffer',28,208317,0,'Roberto'),(1,'Adriano',28,208318,0,'Stiffer'),(1,'Alencar',28,208319,0,'Stiffer'),(1,'Eraldo',28,208320,0,'Stiffer'),(1,'George',28,208321,0,'Stiffer'),(1,'Hércules',28,208322,0,'Stiffer'),(1,'Roberto',28,208323,0,'Stiffer'),(1,'Stiffer',28,208324,0,'Stiffer'),(1,'Adriano',29,208325,0,'Adriano'),(1,'Alencar',29,208326,0,'Adriano'),(1,'Eraldo',29,208327,0,'Adriano'),(1,'George',29,208328,0,'Adriano'),(1,'Hércules',29,208329,0,'Adriano'),(1,'Roberto',29,208330,0,'Adriano'),(1,'Stiffer',29,208331,0,'Adriano'),(1,'Adriano',29,208332,0,'Alencar'),(1,'Alencar',29,208333,0,'Alencar'),(1,'Eraldo',29,208334,0,'Alencar'),(1,'George',29,208335,0,'Alencar'),(1,'Hércules',29,208336,0,'Alencar'),(1,'Roberto',29,208337,0,'Alencar'),(1,'Stiffer',29,208338,0,'Alencar'),(1,'Adriano',29,208339,0,'Eraldo'),(1,'Alencar',29,208340,0,'Eraldo'),(1,'Eraldo',29,208341,0,'Eraldo'),(1,'George',29,208342,0,'Eraldo'),(1,'Hércules',29,208343,0,'Eraldo'),(1,'Roberto',29,208344,0,'Eraldo'),(1,'Stiffer',29,208345,0,'Eraldo'),(1,'Adriano',29,208346,0,'George'),(1,'Alencar',29,208347,0,'George'),(1,'Eraldo',29,208348,0,'George'),(1,'George',29,208349,0,'George'),(1,'Hércules',29,208350,0,'George'),(1,'Roberto',29,208351,0,'George'),(1,'Stiffer',29,208352,0,'George'),(1,'Adriano',29,208353,0,'Hércules'),(1,'Alencar',29,208354,0,'Hércules'),(1,'Eraldo',29,208355,0,'Hércules'),(1,'George',29,208356,0,'Hércules'),(1,'Hércules',29,208357,0,'Hércules'),(1,'Roberto',29,208358,0,'Hércules'),(1,'Stiffer',29,208359,0,'Hércules'),(1,'Adriano',29,208360,0,'Roberto'),(1,'Alencar',29,208361,0,'Roberto'),(1,'Eraldo',29,208362,0,'Roberto'),(1,'George',29,208363,0,'Roberto'),(1,'Hércules',29,208364,0,'Roberto'),(1,'Roberto',29,208365,0,'Roberto'),(1,'Stiffer',29,208366,0,'Roberto'),(1,'Adriano',29,208367,0,'Stiffer'),(1,'Alencar',29,208368,0,'Stiffer'),(1,'Eraldo',29,208369,0,'Stiffer'),(1,'George',29,208370,0,'Stiffer'),(1,'Hércules',29,208371,0,'Stiffer'),(1,'Roberto',29,208372,0,'Stiffer'),(1,'Stiffer',29,208373,0,'Stiffer'),(1,'Adriano',30,208374,0,'Adriano'),(1,'Alencar',30,208375,0,'Adriano'),(1,'Eraldo',30,208376,0,'Adriano'),(1,'George',30,208377,0,'Adriano'),(1,'Hércules',30,208378,0,'Adriano'),(1,'Roberto',30,208379,0,'Adriano'),(1,'Stiffer',30,208380,0,'Adriano'),(1,'Adriano',30,208381,0,'Alencar'),(1,'Alencar',30,208382,0,'Alencar'),(1,'Eraldo',30,208383,0,'Alencar'),(1,'George',30,208384,0,'Alencar'),(1,'Hércules',30,208385,0,'Alencar'),(1,'Roberto',30,208386,0,'Alencar'),(1,'Stiffer',30,208387,0,'Alencar'),(1,'Adriano',30,208388,0,'Eraldo'),(1,'Alencar',30,208389,0,'Eraldo'),(1,'Eraldo',30,208390,0,'Eraldo'),(1,'George',30,208391,0,'Eraldo'),(1,'Hércules',30,208392,0,'Eraldo'),(1,'Roberto',30,208393,0,'Eraldo'),(1,'Stiffer',30,208394,0,'Eraldo'),(1,'Adriano',30,208395,0,'George'),(1,'Alencar',30,208396,0,'George'),(1,'Eraldo',30,208397,0,'George'),(1,'George',30,208398,0,'George'),(1,'Hércules',30,208399,0,'George'),(1,'Roberto',30,208400,0,'George'),(1,'Stiffer',30,208401,0,'George'),(1,'Adriano',30,208402,0,'Hércules'),(1,'Alencar',30,208403,0,'Hércules'),(1,'Eraldo',30,208404,0,'Hércules'),(1,'George',30,208405,0,'Hércules'),(1,'Hércules',30,208406,0,'Hércules'),(1,'Roberto',30,208407,0,'Hércules'),(1,'Stiffer',30,208408,0,'Hércules'),(1,'Adriano',30,208409,0,'Roberto'),(1,'Alencar',30,208410,0,'Roberto'),(1,'Eraldo',30,208411,0,'Roberto'),(1,'George',30,208412,0,'Roberto'),(1,'Hércules',30,208413,0,'Roberto'),(1,'Roberto',30,208414,0,'Roberto'),(1,'Stiffer',30,208415,0,'Roberto'),(1,'Adriano',30,208416,0,'Stiffer'),(1,'Alencar',30,208417,0,'Stiffer'),(1,'Eraldo',30,208418,0,'Stiffer'),(1,'George',30,208419,0,'Stiffer'),(1,'Hércules',30,208420,0,'Stiffer'),(1,'Roberto',30,208421,0,'Stiffer'),(1,'Stiffer',30,208422,0,'Stiffer'),(1,'Adriano',31,208423,0,'Adriano'),(1,'Alencar',31,208424,0,'Adriano'),(1,'Eraldo',31,208425,0,'Adriano'),(1,'George',31,208426,0,'Adriano'),(1,'Hércules',31,208427,0,'Adriano'),(1,'Roberto',31,208428,0,'Adriano'),(1,'Stiffer',31,208429,0,'Adriano'),(1,'Adriano',31,208430,0,'Alencar'),(1,'Alencar',31,208431,0,'Alencar'),(1,'Eraldo',31,208432,0,'Alencar'),(1,'George',31,208433,0,'Alencar'),(1,'Hércules',31,208434,0,'Alencar'),(1,'Roberto',31,208435,0,'Alencar'),(1,'Stiffer',31,208436,0,'Alencar'),(1,'Adriano',31,208437,0,'Eraldo'),(1,'Alencar',31,208438,0,'Eraldo'),(1,'Eraldo',31,208439,0,'Eraldo'),(1,'George',31,208440,0,'Eraldo'),(1,'Hércules',31,208441,0,'Eraldo'),(1,'Roberto',31,208442,0,'Eraldo'),(1,'Stiffer',31,208443,0,'Eraldo'),(1,'Adriano',31,208444,0,'George'),(1,'Alencar',31,208445,0,'George'),(1,'Eraldo',31,208446,0,'George'),(1,'George',31,208447,0,'George'),(1,'Hércules',31,208448,0,'George'),(1,'Roberto',31,208449,0,'George'),(1,'Stiffer',31,208450,0,'George'),(1,'Adriano',31,208451,0,'Hércules'),(1,'Alencar',31,208452,0,'Hércules'),(1,'Eraldo',31,208453,0,'Hércules'),(1,'George',31,208454,0,'Hércules'),(1,'Hércules',31,208455,0,'Hércules'),(1,'Roberto',31,208456,0,'Hércules'),(1,'Stiffer',31,208457,0,'Hércules'),(1,'Adriano',31,208458,0,'Roberto'),(1,'Alencar',31,208459,0,'Roberto'),(1,'Eraldo',31,208460,0,'Roberto'),(1,'George',31,208461,0,'Roberto'),(1,'Hércules',31,208462,0,'Roberto'),(1,'Roberto',31,208463,0,'Roberto'),(1,'Stiffer',31,208464,0,'Roberto'),(1,'Adriano',31,208465,0,'Stiffer'),(1,'Alencar',31,208466,0,'Stiffer'),(1,'Eraldo',31,208467,0,'Stiffer'),(1,'George',31,208468,0,'Stiffer'),(1,'Hércules',31,208469,0,'Stiffer'),(1,'Roberto',31,208470,0,'Stiffer'),(1,'Stiffer',31,208471,0,'Stiffer'),(1,'Adriano',32,208472,0,'Adriano'),(1,'Alencar',32,208473,0,'Adriano'),(1,'Eraldo',32,208474,0,'Adriano'),(1,'George',32,208475,0,'Adriano'),(1,'Hércules',32,208476,0,'Adriano'),(1,'Roberto',32,208477,0,'Adriano'),(1,'Stiffer',32,208478,0,'Adriano'),(1,'Adriano',32,208479,0,'Alencar'),(1,'Alencar',32,208480,0,'Alencar'),(1,'Eraldo',32,208481,0,'Alencar'),(1,'George',32,208482,0,'Alencar'),(1,'Hércules',32,208483,0,'Alencar'),(1,'Roberto',32,208484,0,'Alencar'),(1,'Stiffer',32,208485,0,'Alencar'),(1,'Adriano',32,208486,0,'Eraldo'),(1,'Alencar',32,208487,0,'Eraldo'),(1,'Eraldo',32,208488,0,'Eraldo'),(1,'George',32,208489,0,'Eraldo'),(1,'Hércules',32,208490,0,'Eraldo'),(1,'Roberto',32,208491,0,'Eraldo'),(1,'Stiffer',32,208492,0,'Eraldo'),(1,'Adriano',32,208493,0,'George'),(1,'Alencar',32,208494,0,'George'),(1,'Eraldo',32,208495,0,'George'),(1,'George',32,208496,0,'George'),(1,'Hércules',32,208497,0,'George'),(1,'Roberto',32,208498,0,'George'),(1,'Stiffer',32,208499,0,'George'),(1,'Adriano',32,208500,0,'Hércules'),(1,'Alencar',32,208501,0,'Hércules'),(1,'Eraldo',32,208502,0,'Hércules'),(1,'George',32,208503,0,'Hércules'),(1,'Hércules',32,208504,0,'Hércules'),(1,'Roberto',32,208505,0,'Hércules'),(1,'Stiffer',32,208506,0,'Hércules'),(1,'Adriano',32,208507,0,'Roberto'),(1,'Alencar',32,208508,0,'Roberto'),(1,'Eraldo',32,208509,0,'Roberto'),(1,'George',32,208510,0,'Roberto'),(1,'Hércules',32,208511,0,'Roberto'),(1,'Roberto',32,208512,0,'Roberto'),(1,'Stiffer',32,208513,0,'Roberto'),(1,'Adriano',32,208514,0,'Stiffer'),(1,'Alencar',32,208515,0,'Stiffer'),(1,'Eraldo',32,208516,0,'Stiffer'),(1,'George',32,208517,0,'Stiffer'),(1,'Hércules',32,208518,0,'Stiffer'),(1,'Roberto',32,208519,0,'Stiffer'),(1,'Stiffer',32,208520,0,'Stiffer'),(1,'Adriano',33,208521,0,'Adriano'),(1,'Alencar',33,208522,0,'Adriano'),(1,'Eraldo',33,208523,0,'Adriano'),(1,'George',33,208524,0,'Adriano'),(1,'Hércules',33,208525,0,'Adriano'),(1,'Roberto',33,208526,0,'Adriano'),(1,'Stiffer',33,208527,0,'Adriano'),(1,'Adriano',33,208528,0,'Alencar'),(1,'Alencar',33,208529,0,'Alencar'),(1,'Eraldo',33,208530,0,'Alencar'),(1,'George',33,208531,0,'Alencar'),(1,'Hércules',33,208532,0,'Alencar'),(1,'Roberto',33,208533,0,'Alencar'),(1,'Stiffer',33,208534,0,'Alencar'),(1,'Adriano',33,208535,0,'Eraldo'),(1,'Alencar',33,208536,0,'Eraldo'),(1,'Eraldo',33,208537,0,'Eraldo'),(1,'George',33,208538,0,'Eraldo'),(1,'Hércules',33,208539,0,'Eraldo'),(1,'Roberto',33,208540,0,'Eraldo'),(1,'Stiffer',33,208541,0,'Eraldo'),(1,'Adriano',33,208542,0,'George'),(1,'Alencar',33,208543,0,'George'),(1,'Eraldo',33,208544,0,'George'),(1,'George',33,208545,0,'George'),(1,'Hércules',33,208546,0,'George'),(1,'Roberto',33,208547,0,'George'),(1,'Stiffer',33,208548,0,'George'),(1,'Adriano',33,208549,0,'Hércules'),(1,'Alencar',33,208550,0,'Hércules'),(1,'Eraldo',33,208551,0,'Hércules'),(1,'George',33,208552,0,'Hércules'),(1,'Hércules',33,208553,0,'Hércules'),(1,'Roberto',33,208554,0,'Hércules'),(1,'Stiffer',33,208555,0,'Hércules'),(1,'Adriano',33,208556,0,'Roberto'),(1,'Alencar',33,208557,0,'Roberto'),(1,'Eraldo',33,208558,0,'Roberto'),(1,'George',33,208559,0,'Roberto'),(1,'Hércules',33,208560,0,'Roberto'),(1,'Roberto',33,208561,0,'Roberto'),(1,'Stiffer',33,208562,0,'Roberto'),(1,'Adriano',33,208563,0,'Stiffer'),(1,'Alencar',33,208564,0,'Stiffer'),(1,'Eraldo',33,208565,0,'Stiffer'),(1,'George',33,208566,0,'Stiffer'),(1,'Hércules',33,208567,0,'Stiffer'),(1,'Roberto',33,208568,0,'Stiffer'),(1,'Stiffer',33,208569,0,'Stiffer'),(1,'Adriano',35,208570,0,'Adriano'),(1,'Alencar',35,208571,0,'Adriano'),(1,'Eraldo',35,208572,0,'Adriano'),(1,'George',35,208573,0,'Adriano'),(1,'Hércules',35,208574,0,'Adriano'),(1,'Roberto',35,208575,0,'Adriano'),(1,'Stiffer',35,208576,0,'Adriano'),(1,'Adriano',35,208577,0,'Alencar'),(1,'Alencar',35,208578,0,'Alencar'),(1,'Eraldo',35,208579,0,'Alencar'),(1,'George',35,208580,0,'Alencar'),(1,'Hércules',35,208581,0,'Alencar'),(1,'Roberto',35,208582,0,'Alencar'),(1,'Stiffer',35,208583,0,'Alencar'),(1,'Adriano',35,208584,0,'Eraldo'),(1,'Alencar',35,208585,0,'Eraldo'),(1,'Eraldo',35,208586,0,'Eraldo'),(1,'George',35,208587,0,'Eraldo'),(1,'Hércules',35,208588,0,'Eraldo'),(1,'Roberto',35,208589,0,'Eraldo'),(1,'Stiffer',35,208590,0,'Eraldo'),(1,'Adriano',35,208591,0,'George'),(1,'Alencar',35,208592,0,'George'),(1,'Eraldo',35,208593,0,'George'),(1,'George',35,208594,0,'George'),(1,'Hércules',35,208595,0,'George'),(1,'Roberto',35,208596,0,'George'),(1,'Stiffer',35,208597,0,'George'),(1,'Adriano',35,208598,0,'Hércules'),(1,'Alencar',35,208599,0,'Hércules'),(1,'Eraldo',35,208600,0,'Hércules'),(1,'George',35,208601,0,'Hércules'),(1,'Hércules',35,208602,0,'Hércules'),(1,'Roberto',35,208603,0,'Hércules'),(1,'Stiffer',35,208604,0,'Hércules'),(1,'Adriano',35,208605,0,'Roberto'),(1,'Alencar',35,208606,0,'Roberto'),(1,'Eraldo',35,208607,0,'Roberto'),(1,'George',35,208608,0,'Roberto'),(1,'Hércules',35,208609,0,'Roberto'),(1,'Roberto',35,208610,0,'Roberto'),(1,'Stiffer',35,208611,0,'Roberto'),(1,'Adriano',35,208612,0,'Stiffer'),(1,'Alencar',35,208613,0,'Stiffer'),(1,'Eraldo',35,208614,0,'Stiffer'),(1,'George',35,208615,0,'Stiffer'),(1,'Hércules',35,208616,0,'Stiffer'),(1,'Roberto',35,208617,0,'Stiffer'),(1,'Stiffer',35,208618,0,'Stiffer'),(1,'Adriano',36,208619,0,'Adriano'),(1,'Alencar',36,208620,0,'Adriano'),(1,'Eraldo',36,208621,0,'Adriano'),(1,'George',36,208622,0,'Adriano'),(1,'Hércules',36,208623,0,'Adriano'),(1,'Roberto',36,208624,0,'Adriano'),(1,'Stiffer',36,208625,0,'Adriano'),(1,'Adriano',36,208626,0,'Alencar'),(1,'Alencar',36,208627,0,'Alencar'),(1,'Eraldo',36,208628,0,'Alencar'),(1,'George',36,208629,0,'Alencar'),(1,'Hércules',36,208630,0,'Alencar'),(1,'Roberto',36,208631,0,'Alencar'),(1,'Stiffer',36,208632,0,'Alencar'),(1,'Adriano',36,208633,0,'Eraldo'),(1,'Alencar',36,208634,0,'Eraldo'),(1,'Eraldo',36,208635,0,'Eraldo'),(1,'George',36,208636,0,'Eraldo'),(1,'Hércules',36,208637,0,'Eraldo'),(1,'Roberto',36,208638,0,'Eraldo'),(1,'Stiffer',36,208639,0,'Eraldo'),(1,'Adriano',36,208640,0,'George'),(1,'Alencar',36,208641,0,'George'),(1,'Eraldo',36,208642,0,'George'),(1,'George',36,208643,0,'George'),(1,'Hércules',36,208644,0,'George'),(1,'Roberto',36,208645,0,'George'),(1,'Stiffer',36,208646,0,'George'),(1,'Adriano',36,208647,0,'Hércules'),(1,'Alencar',36,208648,0,'Hércules'),(1,'Eraldo',36,208649,0,'Hércules'),(1,'George',36,208650,0,'Hércules'),(1,'Hércules',36,208651,0,'Hércules'),(1,'Roberto',36,208652,0,'Hércules'),(1,'Stiffer',36,208653,0,'Hércules'),(1,'Adriano',36,208654,0,'Roberto'),(1,'Alencar',36,208655,0,'Roberto'),(1,'Eraldo',36,208656,0,'Roberto'),(1,'George',36,208657,0,'Roberto'),(1,'Hércules',36,208658,0,'Roberto'),(1,'Roberto',36,208659,0,'Roberto'),(1,'Stiffer',36,208660,0,'Roberto'),(1,'Adriano',36,208661,0,'Stiffer'),(1,'Alencar',36,208662,0,'Stiffer'),(1,'Eraldo',36,208663,0,'Stiffer'),(1,'George',36,208664,0,'Stiffer'),(1,'Hércules',36,208665,0,'Stiffer'),(1,'Roberto',36,208666,0,'Stiffer'),(1,'Stiffer',36,208667,0,'Stiffer'),(1,'Adriano',37,208668,0,'Adriano'),(1,'Alencar',37,208669,0,'Adriano'),(1,'Eraldo',37,208670,0,'Adriano'),(1,'George',37,208671,0,'Adriano'),(1,'Hércules',37,208672,0,'Adriano'),(1,'Roberto',37,208673,0,'Adriano'),(1,'Stiffer',37,208674,0,'Adriano'),(1,'Adriano',37,208675,0,'Alencar'),(1,'Alencar',37,208676,0,'Alencar'),(1,'Eraldo',37,208677,0,'Alencar'),(1,'George',37,208678,0,'Alencar'),(1,'Hércules',37,208679,0,'Alencar'),(1,'Roberto',37,208680,0,'Alencar'),(1,'Stiffer',37,208681,0,'Alencar'),(1,'Adriano',37,208682,0,'Eraldo'),(1,'Alencar',37,208683,0,'Eraldo'),(1,'Eraldo',37,208684,0,'Eraldo'),(1,'George',37,208685,0,'Eraldo'),(1,'Hércules',37,208686,0,'Eraldo'),(1,'Roberto',37,208687,0,'Eraldo'),(1,'Stiffer',37,208688,0,'Eraldo'),(1,'Adriano',37,208689,0,'George'),(1,'Alencar',37,208690,0,'George'),(1,'Eraldo',37,208691,0,'George'),(1,'George',37,208692,0,'George'),(1,'Hércules',37,208693,0,'George'),(1,'Roberto',37,208694,0,'George'),(1,'Stiffer',37,208695,0,'George'),(1,'Adriano',37,208696,0,'Hércules'),(1,'Alencar',37,208697,0,'Hércules'),(1,'Eraldo',37,208698,0,'Hércules'),(1,'George',37,208699,0,'Hércules'),(1,'Hércules',37,208700,0,'Hércules'),(1,'Roberto',37,208701,0,'Hércules'),(1,'Stiffer',37,208702,0,'Hércules'),(1,'Adriano',37,208703,0,'Roberto'),(1,'Alencar',37,208704,0,'Roberto'),(1,'Eraldo',37,208705,0,'Roberto'),(1,'George',37,208706,0,'Roberto'),(1,'Hércules',37,208707,0,'Roberto'),(1,'Roberto',37,208708,0,'Roberto'),(1,'Stiffer',37,208709,0,'Roberto'),(1,'Adriano',37,208710,0,'Stiffer'),(1,'Alencar',37,208711,0,'Stiffer'),(1,'Eraldo',37,208712,0,'Stiffer'),(1,'George',37,208713,0,'Stiffer'),(1,'Hércules',37,208714,0,'Stiffer'),(1,'Roberto',37,208715,0,'Stiffer'),(1,'Stiffer',37,208716,0,'Stiffer'),(1,'Adriano',38,208717,0,'Adriano'),(1,'Alencar',38,208718,0,'Adriano'),(1,'Eraldo',38,208719,0,'Adriano'),(1,'George',38,208720,0,'Adriano'),(1,'Hércules',38,208721,0,'Adriano'),(1,'Roberto',38,208722,0,'Adriano'),(1,'Stiffer',38,208723,0,'Adriano'),(1,'Adriano',38,208724,0,'Alencar'),(1,'Alencar',38,208725,0,'Alencar'),(1,'Eraldo',38,208726,0,'Alencar'),(1,'George',38,208727,0,'Alencar'),(1,'Hércules',38,208728,0,'Alencar'),(1,'Roberto',38,208729,0,'Alencar'),(1,'Stiffer',38,208730,0,'Alencar'),(1,'Adriano',38,208731,0,'Eraldo'),(1,'Alencar',38,208732,0,'Eraldo'),(1,'Eraldo',38,208733,0,'Eraldo'),(1,'George',38,208734,0,'Eraldo'),(1,'Hércules',38,208735,0,'Eraldo'),(1,'Roberto',38,208736,0,'Eraldo'),(1,'Stiffer',38,208737,0,'Eraldo'),(1,'Adriano',38,208738,0,'George'),(1,'Alencar',38,208739,0,'George'),(1,'Eraldo',38,208740,0,'George'),(1,'George',38,208741,0,'George'),(1,'Hércules',38,208742,0,'George'),(1,'Roberto',38,208743,0,'George'),(1,'Stiffer',38,208744,0,'George'),(1,'Adriano',38,208745,0,'Hércules'),(1,'Alencar',38,208746,0,'Hércules'),(1,'Eraldo',38,208747,0,'Hércules'),(1,'George',38,208748,0,'Hércules'),(1,'Hércules',38,208749,0,'Hércules'),(1,'Roberto',38,208750,0,'Hércules'),(1,'Stiffer',38,208751,0,'Hércules'),(1,'Adriano',38,208752,0,'Roberto'),(1,'Alencar',38,208753,0,'Roberto'),(1,'Eraldo',38,208754,0,'Roberto'),(1,'George',38,208755,0,'Roberto'),(1,'Hércules',38,208756,0,'Roberto'),(1,'Roberto',38,208757,0,'Roberto'),(1,'Stiffer',38,208758,0,'Roberto'),(1,'Adriano',38,208759,0,'Stiffer'),(1,'Alencar',38,208760,0,'Stiffer'),(1,'Eraldo',38,208761,0,'Stiffer'),(1,'George',38,208762,0,'Stiffer'),(1,'Hércules',38,208763,0,'Stiffer'),(1,'Roberto',38,208764,0,'Stiffer'),(1,'Stiffer',38,208765,0,'Stiffer'),(1,'Adriano',39,208766,0,'Adriano'),(1,'Alencar',39,208767,0,'Adriano'),(1,'Eraldo',39,208768,0,'Adriano'),(1,'George',39,208769,0,'Adriano'),(1,'Hércules',39,208770,0,'Adriano'),(1,'Roberto',39,208771,0,'Adriano'),(1,'Stiffer',39,208772,0,'Adriano'),(1,'Adriano',39,208773,0,'Alencar'),(1,'Alencar',39,208774,0,'Alencar'),(1,'Eraldo',39,208775,0,'Alencar'),(1,'George',39,208776,0,'Alencar'),(1,'Hércules',39,208777,0,'Alencar'),(1,'Roberto',39,208778,0,'Alencar'),(1,'Stiffer',39,208779,0,'Alencar'),(1,'Adriano',39,208780,0,'Eraldo'),(1,'Alencar',39,208781,0,'Eraldo'),(1,'Eraldo',39,208782,0,'Eraldo'),(1,'George',39,208783,0,'Eraldo'),(1,'Hércules',39,208784,0,'Eraldo'),(1,'Roberto',39,208785,0,'Eraldo'),(1,'Stiffer',39,208786,0,'Eraldo'),(1,'Adriano',39,208787,0,'George'),(1,'Alencar',39,208788,0,'George'),(1,'Eraldo',39,208789,0,'George'),(1,'George',39,208790,0,'George'),(1,'Hércules',39,208791,0,'George'),(1,'Roberto',39,208792,0,'George'),(1,'Stiffer',39,208793,0,'George'),(1,'Adriano',39,208794,0,'Hércules'),(1,'Alencar',39,208795,0,'Hércules'),(1,'Eraldo',39,208796,0,'Hércules'),(1,'George',39,208797,0,'Hércules'),(1,'Hércules',39,208798,0,'Hércules'),(1,'Roberto',39,208799,0,'Hércules'),(1,'Stiffer',39,208800,0,'Hércules'),(1,'Adriano',39,208801,0,'Roberto'),(1,'Alencar',39,208802,0,'Roberto'),(1,'Eraldo',39,208803,0,'Roberto'),(1,'George',39,208804,0,'Roberto'),(1,'Hércules',39,208805,0,'Roberto'),(1,'Roberto',39,208806,0,'Roberto'),(1,'Stiffer',39,208807,0,'Roberto'),(1,'Adriano',39,208808,0,'Stiffer'),(1,'Alencar',39,208809,0,'Stiffer'),(1,'Eraldo',39,208810,0,'Stiffer'),(1,'George',39,208811,0,'Stiffer'),(1,'Hércules',39,208812,0,'Stiffer'),(1,'Roberto',39,208813,0,'Stiffer'),(1,'Stiffer',39,208814,0,'Stiffer'),(1,'Adriano',40,208815,0,'Adriano'),(1,'Alencar',40,208816,0,'Adriano'),(1,'Eraldo',40,208817,0,'Adriano'),(1,'George',40,208818,0,'Adriano'),(1,'Hércules',40,208819,0,'Adriano'),(1,'Roberto',40,208820,0,'Adriano'),(1,'Stiffer',40,208821,0,'Adriano'),(1,'Adriano',40,208822,0,'Alencar'),(1,'Alencar',40,208823,0,'Alencar'),(1,'Eraldo',40,208824,0,'Alencar'),(1,'George',40,208825,0,'Alencar'),(1,'Hércules',40,208826,0,'Alencar'),(1,'Roberto',40,208827,0,'Alencar'),(1,'Stiffer',40,208828,0,'Alencar'),(1,'Adriano',40,208829,0,'Eraldo'),(1,'Alencar',40,208830,0,'Eraldo'),(1,'Eraldo',40,208831,0,'Eraldo'),(1,'George',40,208832,0,'Eraldo'),(1,'Hércules',40,208833,0,'Eraldo'),(1,'Roberto',40,208834,0,'Eraldo'),(1,'Stiffer',40,208835,0,'Eraldo'),(1,'Adriano',40,208836,0,'George'),(1,'Alencar',40,208837,0,'George'),(1,'Eraldo',40,208838,0,'George'),(1,'George',40,208839,0,'George'),(1,'Hércules',40,208840,0,'George'),(1,'Roberto',40,208841,0,'George'),(1,'Stiffer',40,208842,0,'George'),(1,'Adriano',40,208843,0,'Hércules'),(1,'Alencar',40,208844,0,'Hércules'),(1,'Eraldo',40,208845,0,'Hércules'),(1,'George',40,208846,0,'Hércules'),(1,'Hércules',40,208847,0,'Hércules'),(1,'Roberto',40,208848,0,'Hércules'),(1,'Stiffer',40,208849,0,'Hércules'),(1,'Adriano',40,208850,0,'Roberto'),(1,'Alencar',40,208851,0,'Roberto'),(1,'Eraldo',40,208852,0,'Roberto'),(1,'George',40,208853,0,'Roberto'),(1,'Hércules',40,208854,0,'Roberto'),(1,'Roberto',40,208855,0,'Roberto'),(1,'Stiffer',40,208856,0,'Roberto'),(1,'Adriano',40,208857,0,'Stiffer'),(1,'Alencar',40,208858,0,'Stiffer'),(1,'Eraldo',40,208859,0,'Stiffer'),(1,'George',40,208860,0,'Stiffer'),(1,'Hércules',40,208861,0,'Stiffer'),(1,'Roberto',40,208862,0,'Stiffer'),(1,'Stiffer',40,208863,0,'Stiffer'),(1,'Adriano',41,208864,0,'Adriano'),(1,'Alencar',41,208865,0,'Adriano'),(1,'Eraldo',41,208866,0,'Adriano'),(1,'George',41,208867,0,'Adriano'),(1,'Hércules',41,208868,0,'Adriano'),(1,'Roberto',41,208869,0,'Adriano'),(1,'Stiffer',41,208870,0,'Adriano'),(1,'Adriano',41,208871,0,'Alencar'),(1,'Alencar',41,208872,0,'Alencar'),(1,'Eraldo',41,208873,0,'Alencar'),(1,'George',41,208874,0,'Alencar'),(1,'Hércules',41,208875,0,'Alencar'),(1,'Roberto',41,208876,0,'Alencar'),(1,'Stiffer',41,208877,0,'Alencar'),(1,'Adriano',41,208878,0,'Eraldo'),(1,'Alencar',41,208879,0,'Eraldo'),(1,'Eraldo',41,208880,0,'Eraldo'),(1,'George',41,208881,0,'Eraldo'),(1,'Hércules',41,208882,0,'Eraldo'),(1,'Roberto',41,208883,0,'Eraldo'),(1,'Stiffer',41,208884,0,'Eraldo'),(1,'Adriano',41,208885,0,'George'),(1,'Alencar',41,208886,0,'George'),(1,'Eraldo',41,208887,0,'George'),(1,'George',41,208888,0,'George'),(1,'Hércules',41,208889,0,'George'),(1,'Roberto',41,208890,0,'George'),(1,'Stiffer',41,208891,0,'George'),(1,'Adriano',41,208892,0,'Hércules'),(1,'Alencar',41,208893,0,'Hércules'),(1,'Eraldo',41,208894,0,'Hércules'),(1,'George',41,208895,0,'Hércules'),(1,'Hércules',41,208896,0,'Hércules'),(1,'Roberto',41,208897,0,'Hércules'),(1,'Stiffer',41,208898,0,'Hércules'),(1,'Adriano',41,208899,0,'Roberto'),(1,'Alencar',41,208900,0,'Roberto'),(1,'Eraldo',41,208901,0,'Roberto'),(1,'George',41,208902,0,'Roberto'),(1,'Hércules',41,208903,0,'Roberto'),(1,'Roberto',41,208904,0,'Roberto'),(1,'Stiffer',41,208905,0,'Roberto'),(1,'Adriano',41,208906,0,'Stiffer'),(1,'Alencar',41,208907,0,'Stiffer'),(1,'Eraldo',41,208908,0,'Stiffer'),(1,'George',41,208909,0,'Stiffer'),(1,'Hércules',41,208910,0,'Stiffer'),(1,'Roberto',41,208911,0,'Stiffer'),(1,'Stiffer',41,208912,0,'Stiffer'),(1,'Adriano',42,208913,0,'Adriano'),(1,'Alencar',42,208914,0,'Adriano'),(1,'Eraldo',42,208915,0,'Adriano'),(1,'George',42,208916,0,'Adriano'),(1,'Hércules',42,208917,0,'Adriano'),(1,'Roberto',42,208918,0,'Adriano'),(1,'Stiffer',42,208919,0,'Adriano'),(1,'Adriano',42,208920,0,'Alencar'),(1,'Alencar',42,208921,0,'Alencar'),(1,'Eraldo',42,208922,0,'Alencar'),(1,'George',42,208923,0,'Alencar'),(1,'Hércules',42,208924,0,'Alencar'),(1,'Roberto',42,208925,0,'Alencar'),(1,'Stiffer',42,208926,0,'Alencar'),(1,'Adriano',42,208927,0,'Eraldo'),(1,'Alencar',42,208928,0,'Eraldo'),(1,'Eraldo',42,208929,0,'Eraldo'),(1,'George',42,208930,0,'Eraldo'),(1,'Hércules',42,208931,0,'Eraldo'),(1,'Roberto',42,208932,0,'Eraldo'),(1,'Stiffer',42,208933,0,'Eraldo'),(1,'Adriano',42,208934,0,'George'),(1,'Alencar',42,208935,0,'George'),(1,'Eraldo',42,208936,0,'George'),(1,'George',42,208937,0,'George'),(1,'Hércules',42,208938,0,'George'),(1,'Roberto',42,208939,0,'George'),(1,'Stiffer',42,208940,0,'George'),(1,'Adriano',42,208941,0,'Hércules'),(1,'Alencar',42,208942,0,'Hércules'),(1,'Eraldo',42,208943,0,'Hércules'),(1,'George',42,208944,0,'Hércules'),(1,'Hércules',42,208945,0,'Hércules'),(1,'Roberto',42,208946,0,'Hércules'),(1,'Stiffer',42,208947,0,'Hércules'),(1,'Adriano',42,208948,0,'Roberto'),(1,'Alencar',42,208949,0,'Roberto'),(1,'Eraldo',42,208950,0,'Roberto'),(1,'George',42,208951,0,'Roberto'),(1,'Hércules',42,208952,0,'Roberto'),(1,'Roberto',42,208953,0,'Roberto'),(1,'Stiffer',42,208954,0,'Roberto'),(1,'Adriano',42,208955,0,'Stiffer'),(1,'Alencar',42,208956,0,'Stiffer'),(1,'Eraldo',42,208957,0,'Stiffer'),(1,'George',42,208958,0,'Stiffer'),(1,'Hércules',42,208959,0,'Stiffer'),(1,'Roberto',42,208960,0,'Stiffer'),(1,'Stiffer',42,208961,0,'Stiffer'),(1,'Adriano',43,208962,0,'Adriano'),(1,'Alencar',43,208963,0,'Adriano'),(1,'Eraldo',43,208964,0,'Adriano'),(1,'George',43,208965,0,'Adriano'),(1,'Hércules',43,208966,0,'Adriano'),(1,'Roberto',43,208967,0,'Adriano'),(1,'Stiffer',43,208968,0,'Adriano'),(1,'Adriano',43,208969,0,'Alencar'),(1,'Alencar',43,208970,0,'Alencar'),(1,'Eraldo',43,208971,0,'Alencar'),(1,'George',43,208972,0,'Alencar'),(1,'Hércules',43,208973,0,'Alencar'),(1,'Roberto',43,208974,0,'Alencar'),(1,'Stiffer',43,208975,0,'Alencar'),(1,'Adriano',43,208976,0,'Eraldo'),(1,'Alencar',43,208977,0,'Eraldo'),(1,'Eraldo',43,208978,0,'Eraldo'),(1,'George',43,208979,0,'Eraldo'),(1,'Hércules',43,208980,0,'Eraldo'),(1,'Roberto',43,208981,0,'Eraldo'),(1,'Stiffer',43,208982,0,'Eraldo'),(1,'Adriano',43,208983,0,'George'),(1,'Alencar',43,208984,0,'George'),(1,'Eraldo',43,208985,0,'George'),(1,'George',43,208986,0,'George'),(1,'Hércules',43,208987,0,'George'),(1,'Roberto',43,208988,0,'George'),(1,'Stiffer',43,208989,0,'George'),(1,'Adriano',43,208990,0,'Hércules'),(1,'Alencar',43,208991,0,'Hércules'),(1,'Eraldo',43,208992,0,'Hércules'),(1,'George',43,208993,0,'Hércules'),(1,'Hércules',43,208994,0,'Hércules'),(1,'Roberto',43,208995,0,'Hércules'),(1,'Stiffer',43,208996,0,'Hércules'),(1,'Adriano',43,208997,0,'Roberto'),(1,'Alencar',43,208998,0,'Roberto'),(1,'Eraldo',43,208999,0,'Roberto'),(1,'George',43,209000,0,'Roberto'),(1,'Hércules',43,209001,0,'Roberto'),(1,'Roberto',43,209002,0,'Roberto'),(1,'Stiffer',43,209003,0,'Roberto'),(1,'Adriano',43,209004,0,'Stiffer'),(1,'Alencar',43,209005,0,'Stiffer'),(1,'Eraldo',43,209006,0,'Stiffer'),(1,'George',43,209007,0,'Stiffer'),(1,'Hércules',43,209008,0,'Stiffer'),(1,'Roberto',43,209009,0,'Stiffer'),(1,'Stiffer',43,209010,0,'Stiffer'),(1,'Adriano',44,209011,0,'Adriano'),(1,'Alencar',44,209012,0,'Adriano'),(1,'Eraldo',44,209013,0,'Adriano'),(1,'George',44,209014,0,'Adriano'),(1,'Hércules',44,209015,0,'Adriano'),(1,'Roberto',44,209016,0,'Adriano'),(1,'Stiffer',44,209017,0,'Adriano'),(1,'Adriano',44,209018,0,'Alencar'),(1,'Alencar',44,209019,0,'Alencar'),(1,'Eraldo',44,209020,0,'Alencar'),(1,'George',44,209021,0,'Alencar'),(1,'Hércules',44,209022,0,'Alencar'),(1,'Roberto',44,209023,0,'Alencar'),(1,'Stiffer',44,209024,0,'Alencar'),(1,'Adriano',44,209025,0,'Eraldo'),(1,'Alencar',44,209026,0,'Eraldo'),(1,'Eraldo',44,209027,0,'Eraldo'),(1,'George',44,209028,0,'Eraldo'),(1,'Hércules',44,209029,0,'Eraldo'),(1,'Roberto',44,209030,0,'Eraldo'),(1,'Stiffer',44,209031,0,'Eraldo'),(1,'Adriano',44,209032,0,'George'),(1,'Alencar',44,209033,0,'George'),(1,'Eraldo',44,209034,0,'George'),(1,'George',44,209035,0,'George'),(1,'Hércules',44,209036,0,'George'),(1,'Roberto',44,209037,0,'George'),(1,'Stiffer',44,209038,0,'George'),(1,'Adriano',44,209039,0,'Hércules'),(1,'Alencar',44,209040,0,'Hércules'),(1,'Eraldo',44,209041,0,'Hércules'),(1,'George',44,209042,0,'Hércules'),(1,'Hércules',44,209043,0,'Hércules'),(1,'Roberto',44,209044,0,'Hércules'),(1,'Stiffer',44,209045,0,'Hércules'),(1,'Adriano',44,209046,0,'Roberto'),(1,'Alencar',44,209047,0,'Roberto'),(1,'Eraldo',44,209048,0,'Roberto'),(1,'George',44,209049,0,'Roberto'),(1,'Hércules',44,209050,0,'Roberto'),(1,'Roberto',44,209051,0,'Roberto'),(1,'Stiffer',44,209052,0,'Roberto'),(1,'Adriano',44,209053,0,'Stiffer'),(1,'Alencar',44,209054,0,'Stiffer'),(1,'Eraldo',44,209055,0,'Stiffer'),(1,'George',44,209056,0,'Stiffer'),(1,'Hércules',44,209057,0,'Stiffer'),(1,'Roberto',44,209058,0,'Stiffer'),(1,'Stiffer',44,209059,0,'Stiffer'),(1,'Anderson',2,211097,0,'Anderson'),(1,'Ariel',2,211098,0,'Anderson'),(1,'Fabiano',2,211099,0,'Anderson'),(1,'Fernando',2,211100,0,'Anderson'),(1,'Anderson',2,211101,0,'Ariel'),(1,'Ariel',2,211102,0,'Ariel'),(1,'Fabiano',2,211103,0,'Ariel'),(1,'Fernando',2,211104,0,'Ariel'),(1,'Anderson',2,211105,0,'Fabiano'),(1,'Ariel',2,211106,0,'Fabiano'),(1,'Fabiano',2,211107,0,'Fabiano'),(1,'Fernando',2,211108,0,'Fabiano'),(1,'Anderson',2,211109,0,'Fernando'),(1,'Ariel',2,211110,0,'Fernando'),(1,'Fabiano',2,211111,0,'Fernando'),(1,'Fernando',2,211112,0,'Fernando'),(1,'Anderson',3,211113,0,'Anderson'),(1,'Ariel',3,211114,0,'Anderson'),(1,'Fabiano',3,211115,0,'Anderson'),(1,'Fernando',3,211116,0,'Anderson'),(1,'Anderson',3,211117,0,'Ariel'),(1,'Ariel',3,211118,0,'Ariel'),(1,'Fabiano',3,211119,0,'Ariel'),(1,'Fernando',3,211120,0,'Ariel'),(1,'Anderson',3,211121,0,'Fabiano'),(1,'Ariel',3,211122,0,'Fabiano'),(1,'Fabiano',3,211123,0,'Fabiano'),(1,'Fernando',3,211124,0,'Fabiano'),(1,'Anderson',3,211125,0,'Fernando'),(1,'Ariel',3,211126,0,'Fernando'),(1,'Fabiano',3,211127,0,'Fernando'),(1,'Fernando',3,211128,0,'Fernando'),(1,'Anderson',4,211129,0,'Anderson'),(1,'Ariel',4,211130,0,'Anderson'),(1,'Fabiano',4,211131,0,'Anderson'),(1,'Fernando',4,211132,0,'Anderson'),(1,'Anderson',4,211133,0,'Ariel'),(1,'Ariel',4,211134,0,'Ariel'),(1,'Fabiano',4,211135,0,'Ariel'),(1,'Fernando',4,211136,0,'Ariel'),(1,'Anderson',4,211137,0,'Fabiano'),(1,'Ariel',4,211138,0,'Fabiano'),(1,'Fabiano',4,211139,0,'Fabiano'),(1,'Fernando',4,211140,0,'Fabiano'),(1,'Anderson',4,211141,0,'Fernando'),(1,'Ariel',4,211142,0,'Fernando'),(1,'Fabiano',4,211143,0,'Fernando'),(1,'Fernando',4,211144,0,'Fernando'),(1,'Anderson',5,211145,0,'Anderson'),(1,'Ariel',5,211146,0,'Anderson'),(1,'Fabiano',5,211147,0,'Anderson'),(1,'Fernando',5,211148,0,'Anderson'),(1,'Anderson',5,211149,0,'Ariel'),(1,'Ariel',5,211150,0,'Ariel'),(1,'Fabiano',5,211151,0,'Ariel'),(1,'Fernando',5,211152,0,'Ariel'),(1,'Anderson',5,211153,0,'Fabiano'),(1,'Ariel',5,211154,0,'Fabiano'),(1,'Fabiano',5,211155,0,'Fabiano'),(1,'Fernando',5,211156,0,'Fabiano'),(1,'Anderson',5,211157,0,'Fernando'),(1,'Ariel',5,211158,0,'Fernando'),(1,'Fabiano',5,211159,0,'Fernando'),(1,'Fernando',5,211160,0,'Fernando'),(1,'Anderson',6,211161,0,'Anderson'),(1,'Ariel',6,211162,0,'Anderson'),(1,'Fabiano',6,211163,0,'Anderson'),(1,'Fernando',6,211164,0,'Anderson'),(1,'Anderson',6,211165,0,'Ariel'),(1,'Ariel',6,211166,0,'Ariel'),(1,'Fabiano',6,211167,0,'Ariel'),(1,'Fernando',6,211168,0,'Ariel'),(1,'Anderson',6,211169,0,'Fabiano'),(1,'Ariel',6,211170,0,'Fabiano'),(1,'Fabiano',6,211171,0,'Fabiano'),(1,'Fernando',6,211172,0,'Fabiano'),(1,'Anderson',6,211173,0,'Fernando'),(1,'Ariel',6,211174,0,'Fernando'),(1,'Fabiano',6,211175,0,'Fernando'),(1,'Fernando',6,211176,0,'Fernando'),(1,'Anderson',7,211177,0,'Anderson'),(1,'Ariel',7,211178,0,'Anderson'),(1,'Fabiano',7,211179,0,'Anderson'),(1,'Fernando',7,211180,0,'Anderson'),(1,'Anderson',7,211181,0,'Ariel'),(1,'Ariel',7,211182,0,'Ariel'),(1,'Fabiano',7,211183,0,'Ariel'),(1,'Fernando',7,211184,0,'Ariel'),(1,'Anderson',7,211185,0,'Fabiano'),(1,'Ariel',7,211186,0,'Fabiano'),(1,'Fabiano',7,211187,0,'Fabiano'),(1,'Fernando',7,211188,0,'Fabiano'),(1,'Anderson',7,211189,0,'Fernando'),(1,'Ariel',7,211190,0,'Fernando'),(1,'Fabiano',7,211191,0,'Fernando'),(1,'Fernando',7,211192,0,'Fernando'),(1,'Anderson',8,211193,0,'Anderson'),(1,'Ariel',8,211194,0,'Anderson'),(1,'Fabiano',8,211195,0,'Anderson'),(1,'Fernando',8,211196,0,'Anderson'),(1,'Anderson',8,211197,0,'Ariel'),(1,'Ariel',8,211198,0,'Ariel'),(1,'Fabiano',8,211199,0,'Ariel'),(1,'Fernando',8,211200,0,'Ariel'),(1,'Anderson',8,211201,0,'Fabiano'),(1,'Ariel',8,211202,0,'Fabiano'),(1,'Fabiano',8,211203,0,'Fabiano'),(1,'Fernando',8,211204,0,'Fabiano'),(1,'Anderson',8,211205,0,'Fernando'),(1,'Ariel',8,211206,0,'Fernando'),(1,'Fabiano',8,211207,0,'Fernando'),(1,'Fernando',8,211208,0,'Fernando'),(1,'Anderson',9,211209,0,'Anderson'),(1,'Ariel',9,211210,0,'Anderson'),(1,'Fabiano',9,211211,0,'Anderson'),(1,'Fernando',9,211212,0,'Anderson'),(1,'Anderson',9,211213,0,'Ariel'),(1,'Ariel',9,211214,0,'Ariel'),(1,'Fabiano',9,211215,0,'Ariel'),(1,'Fernando',9,211216,0,'Ariel'),(1,'Anderson',9,211217,0,'Fabiano'),(1,'Ariel',9,211218,0,'Fabiano'),(1,'Fabiano',9,211219,0,'Fabiano'),(1,'Fernando',9,211220,0,'Fabiano'),(1,'Anderson',9,211221,0,'Fernando'),(1,'Ariel',9,211222,0,'Fernando'),(1,'Fabiano',9,211223,0,'Fernando'),(1,'Fernando',9,211224,0,'Fernando'),(1,'Anderson',10,211225,0,'Anderson'),(1,'Ariel',10,211226,0,'Anderson'),(1,'Fabiano',10,211227,0,'Anderson'),(1,'Fernando',10,211228,0,'Anderson'),(1,'Anderson',10,211229,0,'Ariel'),(1,'Ariel',10,211230,0,'Ariel'),(1,'Fabiano',10,211231,0,'Ariel'),(1,'Fernando',10,211232,0,'Ariel'),(1,'Anderson',10,211233,0,'Fabiano'),(1,'Ariel',10,211234,0,'Fabiano'),(1,'Fabiano',10,211235,0,'Fabiano'),(1,'Fernando',10,211236,0,'Fabiano'),(1,'Anderson',10,211237,0,'Fernando'),(1,'Ariel',10,211238,0,'Fernando'),(1,'Fabiano',10,211239,0,'Fernando'),(1,'Fernando',10,211240,0,'Fernando'),(1,'Anderson',11,211241,0,'Anderson'),(1,'Ariel',11,211242,0,'Anderson'),(1,'Fabiano',11,211243,0,'Anderson'),(1,'Fernando',11,211244,0,'Anderson'),(1,'Anderson',11,211245,0,'Ariel'),(1,'Ariel',11,211246,0,'Ariel'),(1,'Fabiano',11,211247,0,'Ariel'),(1,'Fernando',11,211248,0,'Ariel'),(1,'Anderson',11,211249,0,'Fabiano'),(1,'Ariel',11,211250,0,'Fabiano'),(1,'Fabiano',11,211251,0,'Fabiano'),(1,'Fernando',11,211252,0,'Fabiano'),(1,'Anderson',11,211253,0,'Fernando'),(1,'Ariel',11,211254,0,'Fernando'),(1,'Fabiano',11,211255,0,'Fernando'),(1,'Fernando',11,211256,0,'Fernando'),(1,'Anderson',12,211257,0,'Anderson'),(1,'Ariel',12,211258,0,'Anderson'),(1,'Fabiano',12,211259,0,'Anderson'),(1,'Fernando',12,211260,0,'Anderson'),(1,'Anderson',12,211261,0,'Ariel'),(1,'Ariel',12,211262,0,'Ariel'),(1,'Fabiano',12,211263,0,'Ariel'),(1,'Fernando',12,211264,0,'Ariel'),(1,'Anderson',12,211265,0,'Fabiano'),(1,'Ariel',12,211266,0,'Fabiano'),(1,'Fabiano',12,211267,0,'Fabiano'),(1,'Fernando',12,211268,0,'Fabiano'),(1,'Anderson',12,211269,0,'Fernando'),(1,'Ariel',12,211270,0,'Fernando'),(1,'Fabiano',12,211271,0,'Fernando'),(1,'Fernando',12,211272,0,'Fernando'),(1,'Anderson',13,211273,0,'Anderson'),(1,'Ariel',13,211274,0,'Anderson'),(1,'Fabiano',13,211275,0,'Anderson'),(1,'Fernando',13,211276,0,'Anderson'),(1,'Anderson',13,211277,0,'Ariel'),(1,'Ariel',13,211278,0,'Ariel'),(1,'Fabiano',13,211279,0,'Ariel'),(1,'Fernando',13,211280,0,'Ariel'),(1,'Anderson',13,211281,0,'Fabiano'),(1,'Ariel',13,211282,0,'Fabiano'),(1,'Fabiano',13,211283,0,'Fabiano'),(1,'Fernando',13,211284,0,'Fabiano'),(1,'Anderson',13,211285,0,'Fernando'),(1,'Ariel',13,211286,0,'Fernando'),(1,'Fabiano',13,211287,0,'Fernando'),(1,'Fernando',13,211288,0,'Fernando'),(1,'Anderson',14,211289,0,'Anderson'),(1,'Ariel',14,211290,0,'Anderson'),(1,'Fabiano',14,211291,0,'Anderson'),(1,'Fernando',14,211292,0,'Anderson'),(1,'Anderson',14,211293,0,'Ariel'),(1,'Ariel',14,211294,0,'Ariel'),(1,'Fabiano',14,211295,0,'Ariel'),(1,'Fernando',14,211296,0,'Ariel'),(1,'Anderson',14,211297,0,'Fabiano'),(1,'Ariel',14,211298,0,'Fabiano'),(1,'Fabiano',14,211299,0,'Fabiano'),(1,'Fernando',14,211300,0,'Fabiano'),(1,'Anderson',14,211301,0,'Fernando'),(1,'Ariel',14,211302,0,'Fernando'),(1,'Fabiano',14,211303,0,'Fernando'),(1,'Fernando',14,211304,0,'Fernando'),(1,'Anderson',15,211305,0,'Anderson'),(1,'Ariel',15,211306,0,'Anderson'),(1,'Fabiano',15,211307,0,'Anderson'),(1,'Fernando',15,211308,0,'Anderson'),(1,'Anderson',15,211309,0,'Ariel'),(1,'Ariel',15,211310,0,'Ariel'),(1,'Fabiano',15,211311,0,'Ariel'),(1,'Fernando',15,211312,0,'Ariel'),(1,'Anderson',15,211313,0,'Fabiano'),(1,'Ariel',15,211314,0,'Fabiano'),(1,'Fabiano',15,211315,0,'Fabiano'),(1,'Fernando',15,211316,0,'Fabiano'),(1,'Anderson',15,211317,0,'Fernando'),(1,'Ariel',15,211318,0,'Fernando'),(1,'Fabiano',15,211319,0,'Fernando'),(1,'Fernando',15,211320,0,'Fernando'),(1,'Anderson',16,211321,0,'Anderson'),(1,'Ariel',16,211322,0,'Anderson'),(1,'Fabiano',16,211323,0,'Anderson'),(1,'Fernando',16,211324,0,'Anderson'),(1,'Anderson',16,211325,0,'Ariel'),(1,'Ariel',16,211326,0,'Ariel'),(1,'Fabiano',16,211327,0,'Ariel'),(1,'Fernando',16,211328,0,'Ariel'),(1,'Anderson',16,211329,0,'Fabiano'),(1,'Ariel',16,211330,0,'Fabiano'),(1,'Fabiano',16,211331,0,'Fabiano'),(1,'Fernando',16,211332,0,'Fabiano'),(1,'Anderson',16,211333,0,'Fernando'),(1,'Ariel',16,211334,0,'Fernando'),(1,'Fabiano',16,211335,0,'Fernando'),(1,'Fernando',16,211336,0,'Fernando'),(1,'Anderson',17,211337,0,'Anderson'),(1,'Ariel',17,211338,0,'Anderson'),(1,'Fabiano',17,211339,0,'Anderson'),(1,'Fernando',17,211340,0,'Anderson'),(1,'Anderson',17,211341,0,'Ariel'),(1,'Ariel',17,211342,0,'Ariel'),(1,'Fabiano',17,211343,0,'Ariel'),(1,'Fernando',17,211344,0,'Ariel'),(1,'Anderson',17,211345,0,'Fabiano'),(1,'Ariel',17,211346,0,'Fabiano'),(1,'Fabiano',17,211347,0,'Fabiano'),(1,'Fernando',17,211348,0,'Fabiano'),(1,'Anderson',17,211349,0,'Fernando'),(1,'Ariel',17,211350,0,'Fernando'),(1,'Fabiano',17,211351,0,'Fernando'),(1,'Fernando',17,211352,0,'Fernando'),(1,'Anderson',18,211353,0,'Anderson'),(1,'Ariel',18,211354,0,'Anderson'),(1,'Fabiano',18,211355,0,'Anderson'),(1,'Fernando',18,211356,0,'Anderson'),(1,'Anderson',18,211357,0,'Ariel'),(1,'Ariel',18,211358,0,'Ariel'),(1,'Fabiano',18,211359,0,'Ariel'),(1,'Fernando',18,211360,0,'Ariel'),(1,'Anderson',18,211361,0,'Fabiano'),(1,'Ariel',18,211362,0,'Fabiano'),(1,'Fabiano',18,211363,0,'Fabiano'),(1,'Fernando',18,211364,0,'Fabiano'),(1,'Anderson',18,211365,0,'Fernando'),(1,'Ariel',18,211366,0,'Fernando'),(1,'Fabiano',18,211367,0,'Fernando'),(1,'Fernando',18,211368,0,'Fernando'),(1,'Anderson',19,211369,0,'Anderson'),(1,'Ariel',19,211370,0,'Anderson'),(1,'Fabiano',19,211371,0,'Anderson'),(1,'Fernando',19,211372,0,'Anderson'),(1,'Anderson',19,211373,0,'Ariel'),(1,'Ariel',19,211374,0,'Ariel'),(1,'Fabiano',19,211375,0,'Ariel'),(1,'Fernando',19,211376,0,'Ariel'),(1,'Anderson',19,211377,0,'Fabiano'),(1,'Ariel',19,211378,0,'Fabiano'),(1,'Fabiano',19,211379,0,'Fabiano'),(1,'Fernando',19,211380,0,'Fabiano'),(1,'Anderson',19,211381,0,'Fernando'),(1,'Ariel',19,211382,0,'Fernando'),(1,'Fabiano',19,211383,0,'Fernando'),(1,'Fernando',19,211384,0,'Fernando'),(1,'Anderson',20,211385,0,'Anderson'),(1,'Ariel',20,211386,0,'Anderson'),(1,'Fabiano',20,211387,0,'Anderson'),(1,'Fernando',20,211388,0,'Anderson'),(1,'Anderson',20,211389,0,'Ariel'),(1,'Ariel',20,211390,0,'Ariel'),(1,'Fabiano',20,211391,0,'Ariel'),(1,'Fernando',20,211392,0,'Ariel'),(1,'Anderson',20,211393,0,'Fabiano'),(1,'Ariel',20,211394,0,'Fabiano'),(1,'Fabiano',20,211395,0,'Fabiano'),(1,'Fernando',20,211396,0,'Fabiano'),(1,'Anderson',20,211397,0,'Fernando'),(1,'Ariel',20,211398,0,'Fernando'),(1,'Fabiano',20,211399,0,'Fernando'),(1,'Fernando',20,211400,0,'Fernando'),(1,'Anderson',21,211401,0,'Anderson'),(1,'Ariel',21,211402,0,'Anderson'),(1,'Fabiano',21,211403,0,'Anderson'),(1,'Fernando',21,211404,0,'Anderson'),(1,'Anderson',21,211405,0,'Ariel'),(1,'Ariel',21,211406,0,'Ariel'),(1,'Fabiano',21,211407,0,'Ariel'),(1,'Fernando',21,211408,0,'Ariel'),(1,'Anderson',21,211409,0,'Fabiano'),(1,'Ariel',21,211410,0,'Fabiano'),(1,'Fabiano',21,211411,0,'Fabiano'),(1,'Fernando',21,211412,0,'Fabiano'),(1,'Anderson',21,211413,0,'Fernando'),(1,'Ariel',21,211414,0,'Fernando'),(1,'Fabiano',21,211415,0,'Fernando'),(1,'Fernando',21,211416,0,'Fernando'),(1,'Anderson',22,211417,0,'Anderson'),(1,'Ariel',22,211418,0,'Anderson'),(1,'Fabiano',22,211419,0,'Anderson'),(1,'Fernando',22,211420,0,'Anderson'),(1,'Anderson',22,211421,0,'Ariel'),(1,'Ariel',22,211422,0,'Ariel'),(1,'Fabiano',22,211423,0,'Ariel'),(1,'Fernando',22,211424,0,'Ariel'),(1,'Anderson',22,211425,0,'Fabiano'),(1,'Ariel',22,211426,0,'Fabiano'),(1,'Fabiano',22,211427,0,'Fabiano'),(1,'Fernando',22,211428,0,'Fabiano'),(1,'Anderson',22,211429,0,'Fernando'),(1,'Ariel',22,211430,0,'Fernando'),(1,'Fabiano',22,211431,0,'Fernando'),(1,'Fernando',22,211432,0,'Fernando'),(1,'Anderson',23,211433,0,'Anderson'),(1,'Ariel',23,211434,0,'Anderson'),(1,'Fabiano',23,211435,0,'Anderson'),(1,'Fernando',23,211436,0,'Anderson'),(1,'Anderson',23,211437,0,'Ariel'),(1,'Ariel',23,211438,0,'Ariel'),(1,'Fabiano',23,211439,0,'Ariel'),(1,'Fernando',23,211440,0,'Ariel'),(1,'Anderson',23,211441,0,'Fabiano'),(1,'Ariel',23,211442,0,'Fabiano'),(1,'Fabiano',23,211443,0,'Fabiano'),(1,'Fernando',23,211444,0,'Fabiano'),(1,'Anderson',23,211445,0,'Fernando'),(1,'Ariel',23,211446,0,'Fernando'),(1,'Fabiano',23,211447,0,'Fernando'),(1,'Fernando',23,211448,0,'Fernando'),(1,'Anderson',24,211449,0,'Anderson'),(1,'Ariel',24,211450,0,'Anderson'),(1,'Fabiano',24,211451,0,'Anderson'),(1,'Fernando',24,211452,0,'Anderson'),(1,'Anderson',24,211453,0,'Ariel'),(1,'Ariel',24,211454,0,'Ariel'),(1,'Fabiano',24,211455,0,'Ariel'),(1,'Fernando',24,211456,0,'Ariel'),(1,'Anderson',24,211457,0,'Fabiano'),(1,'Ariel',24,211458,0,'Fabiano'),(1,'Fabiano',24,211459,0,'Fabiano'),(1,'Fernando',24,211460,0,'Fabiano'),(1,'Anderson',24,211461,0,'Fernando'),(1,'Ariel',24,211462,0,'Fernando'),(1,'Fabiano',24,211463,0,'Fernando'),(1,'Fernando',24,211464,0,'Fernando'),(1,'Anderson',25,211465,0,'Anderson'),(1,'Ariel',25,211466,0,'Anderson'),(1,'Fabiano',25,211467,0,'Anderson'),(1,'Fernando',25,211468,0,'Anderson'),(1,'Anderson',25,211469,0,'Ariel'),(1,'Ariel',25,211470,0,'Ariel'),(1,'Fabiano',25,211471,0,'Ariel'),(1,'Fernando',25,211472,0,'Ariel'),(1,'Anderson',25,211473,0,'Fabiano'),(1,'Ariel',25,211474,0,'Fabiano'),(1,'Fabiano',25,211475,0,'Fabiano'),(1,'Fernando',25,211476,0,'Fabiano'),(1,'Anderson',25,211477,0,'Fernando'),(1,'Ariel',25,211478,0,'Fernando'),(1,'Fabiano',25,211479,0,'Fernando'),(1,'Fernando',25,211480,0,'Fernando'),(1,'Anderson',26,211481,0,'Anderson'),(1,'Ariel',26,211482,0,'Anderson'),(1,'Fabiano',26,211483,0,'Anderson'),(1,'Fernando',26,211484,0,'Anderson'),(1,'Anderson',26,211485,0,'Ariel'),(1,'Ariel',26,211486,0,'Ariel'),(1,'Fabiano',26,211487,0,'Ariel'),(1,'Fernando',26,211488,0,'Ariel'),(1,'Anderson',26,211489,0,'Fabiano'),(1,'Ariel',26,211490,0,'Fabiano'),(1,'Fabiano',26,211491,0,'Fabiano'),(1,'Fernando',26,211492,0,'Fabiano'),(1,'Anderson',26,211493,0,'Fernando'),(1,'Ariel',26,211494,0,'Fernando'),(1,'Fabiano',26,211495,0,'Fernando'),(1,'Fernando',26,211496,0,'Fernando'),(1,'Anderson',27,211497,0,'Anderson'),(1,'Ariel',27,211498,0,'Anderson'),(1,'Fabiano',27,211499,0,'Anderson'),(1,'Fernando',27,211500,0,'Anderson'),(1,'Anderson',27,211501,0,'Ariel'),(1,'Ariel',27,211502,0,'Ariel'),(1,'Fabiano',27,211503,0,'Ariel'),(1,'Fernando',27,211504,0,'Ariel'),(1,'Anderson',27,211505,0,'Fabiano'),(1,'Ariel',27,211506,0,'Fabiano'),(1,'Fabiano',27,211507,0,'Fabiano'),(1,'Fernando',27,211508,0,'Fabiano'),(1,'Anderson',27,211509,0,'Fernando'),(1,'Ariel',27,211510,0,'Fernando'),(1,'Fabiano',27,211511,0,'Fernando'),(1,'Fernando',27,211512,0,'Fernando'),(1,'Anderson',28,211513,0,'Anderson'),(1,'Ariel',28,211514,0,'Anderson'),(1,'Fabiano',28,211515,0,'Anderson'),(1,'Fernando',28,211516,0,'Anderson'),(1,'Anderson',28,211517,0,'Ariel'),(1,'Ariel',28,211518,0,'Ariel'),(1,'Fabiano',28,211519,0,'Ariel'),(1,'Fernando',28,211520,0,'Ariel'),(1,'Anderson',28,211521,0,'Fabiano'),(1,'Ariel',28,211522,0,'Fabiano'),(1,'Fabiano',28,211523,0,'Fabiano'),(1,'Fernando',28,211524,0,'Fabiano'),(1,'Anderson',28,211525,0,'Fernando'),(1,'Ariel',28,211526,0,'Fernando'),(1,'Fabiano',28,211527,0,'Fernando'),(1,'Fernando',28,211528,0,'Fernando'),(1,'Anderson',29,211529,0,'Anderson'),(1,'Ariel',29,211530,0,'Anderson'),(1,'Fabiano',29,211531,0,'Anderson'),(1,'Fernando',29,211532,0,'Anderson'),(1,'Anderson',29,211533,0,'Ariel'),(1,'Ariel',29,211534,0,'Ariel'),(1,'Fabiano',29,211535,0,'Ariel'),(1,'Fernando',29,211536,0,'Ariel'),(1,'Anderson',29,211537,0,'Fabiano'),(1,'Ariel',29,211538,0,'Fabiano'),(1,'Fabiano',29,211539,0,'Fabiano'),(1,'Fernando',29,211540,0,'Fabiano'),(1,'Anderson',29,211541,0,'Fernando'),(1,'Ariel',29,211542,0,'Fernando'),(1,'Fabiano',29,211543,0,'Fernando'),(1,'Fernando',29,211544,0,'Fernando'),(1,'Anderson',30,211545,0,'Anderson'),(1,'Ariel',30,211546,0,'Anderson'),(1,'Fabiano',30,211547,0,'Anderson'),(1,'Fernando',30,211548,0,'Anderson'),(1,'Anderson',30,211549,0,'Ariel'),(1,'Ariel',30,211550,0,'Ariel'),(1,'Fabiano',30,211551,0,'Ariel'),(1,'Fernando',30,211552,0,'Ariel'),(1,'Anderson',30,211553,0,'Fabiano'),(1,'Ariel',30,211554,0,'Fabiano'),(1,'Fabiano',30,211555,0,'Fabiano'),(1,'Fernando',30,211556,0,'Fabiano'),(1,'Anderson',30,211557,0,'Fernando'),(1,'Ariel',30,211558,0,'Fernando'),(1,'Fabiano',30,211559,0,'Fernando'),(1,'Fernando',30,211560,0,'Fernando'),(1,'Anderson',31,211561,0,'Anderson'),(1,'Ariel',31,211562,0,'Anderson'),(1,'Fabiano',31,211563,0,'Anderson'),(1,'Fernando',31,211564,0,'Anderson'),(1,'Anderson',31,211565,0,'Ariel'),(1,'Ariel',31,211566,0,'Ariel'),(1,'Fabiano',31,211567,0,'Ariel'),(1,'Fernando',31,211568,0,'Ariel'),(1,'Anderson',31,211569,0,'Fabiano'),(1,'Ariel',31,211570,0,'Fabiano'),(1,'Fabiano',31,211571,0,'Fabiano'),(1,'Fernando',31,211572,0,'Fabiano'),(1,'Anderson',31,211573,0,'Fernando'),(1,'Ariel',31,211574,0,'Fernando'),(1,'Fabiano',31,211575,0,'Fernando'),(1,'Fernando',31,211576,0,'Fernando'),(1,'Anderson',32,211577,0,'Anderson'),(1,'Ariel',32,211578,0,'Anderson'),(1,'Fabiano',32,211579,0,'Anderson'),(1,'Fernando',32,211580,0,'Anderson'),(1,'Anderson',32,211581,0,'Ariel'),(1,'Ariel',32,211582,0,'Ariel'),(1,'Fabiano',32,211583,0,'Ariel'),(1,'Fernando',32,211584,0,'Ariel'),(1,'Anderson',32,211585,0,'Fabiano'),(1,'Ariel',32,211586,0,'Fabiano'),(1,'Fabiano',32,211587,0,'Fabiano'),(1,'Fernando',32,211588,0,'Fabiano'),(1,'Anderson',32,211589,0,'Fernando'),(1,'Ariel',32,211590,0,'Fernando'),(1,'Fabiano',32,211591,0,'Fernando'),(1,'Fernando',32,211592,0,'Fernando'),(1,'Anderson',33,211593,0,'Anderson'),(1,'Ariel',33,211594,0,'Anderson'),(1,'Fabiano',33,211595,0,'Anderson'),(1,'Fernando',33,211596,0,'Anderson'),(1,'Anderson',33,211597,0,'Ariel'),(1,'Ariel',33,211598,0,'Ariel'),(1,'Fabiano',33,211599,0,'Ariel'),(1,'Fernando',33,211600,0,'Ariel'),(1,'Anderson',33,211601,0,'Fabiano'),(1,'Ariel',33,211602,0,'Fabiano'),(1,'Fabiano',33,211603,0,'Fabiano'),(1,'Fernando',33,211604,0,'Fabiano'),(1,'Anderson',33,211605,0,'Fernando'),(1,'Ariel',33,211606,0,'Fernando'),(1,'Fabiano',33,211607,0,'Fernando'),(1,'Fernando',33,211608,0,'Fernando'),(1,'Anderson',35,211609,0,'Anderson'),(1,'Ariel',35,211610,0,'Anderson'),(1,'Fabiano',35,211611,0,'Anderson'),(1,'Fernando',35,211612,0,'Anderson'),(1,'Anderson',35,211613,0,'Ariel'),(1,'Ariel',35,211614,0,'Ariel'),(1,'Fabiano',35,211615,0,'Ariel'),(1,'Fernando',35,211616,0,'Ariel'),(1,'Anderson',35,211617,0,'Fabiano'),(1,'Ariel',35,211618,0,'Fabiano'),(1,'Fabiano',35,211619,0,'Fabiano'),(1,'Fernando',35,211620,0,'Fabiano'),(1,'Anderson',35,211621,0,'Fernando'),(1,'Ariel',35,211622,0,'Fernando'),(1,'Fabiano',35,211623,0,'Fernando'),(1,'Fernando',35,211624,0,'Fernando'),(1,'Anderson',36,211625,0,'Anderson'),(1,'Ariel',36,211626,0,'Anderson'),(1,'Fabiano',36,211627,0,'Anderson'),(1,'Fernando',36,211628,0,'Anderson'),(1,'Anderson',36,211629,0,'Ariel'),(1,'Ariel',36,211630,0,'Ariel'),(1,'Fabiano',36,211631,0,'Ariel'),(1,'Fernando',36,211632,0,'Ariel'),(1,'Anderson',36,211633,0,'Fabiano'),(1,'Ariel',36,211634,0,'Fabiano'),(1,'Fabiano',36,211635,0,'Fabiano'),(1,'Fernando',36,211636,0,'Fabiano'),(1,'Anderson',36,211637,0,'Fernando'),(1,'Ariel',36,211638,0,'Fernando'),(1,'Fabiano',36,211639,0,'Fernando'),(1,'Fernando',36,211640,0,'Fernando'),(1,'Anderson',37,211641,0,'Anderson'),(1,'Ariel',37,211642,0,'Anderson'),(1,'Fabiano',37,211643,0,'Anderson'),(1,'Fernando',37,211644,0,'Anderson'),(1,'Anderson',37,211645,0,'Ariel'),(1,'Ariel',37,211646,0,'Ariel'),(1,'Fabiano',37,211647,0,'Ariel'),(1,'Fernando',37,211648,0,'Ariel'),(1,'Anderson',37,211649,0,'Fabiano'),(1,'Ariel',37,211650,0,'Fabiano'),(1,'Fabiano',37,211651,0,'Fabiano'),(1,'Fernando',37,211652,0,'Fabiano'),(1,'Anderson',37,211653,0,'Fernando'),(1,'Ariel',37,211654,0,'Fernando'),(1,'Fabiano',37,211655,0,'Fernando'),(1,'Fernando',37,211656,0,'Fernando'),(1,'Anderson',38,211657,0,'Anderson'),(1,'Ariel',38,211658,0,'Anderson'),(1,'Fabiano',38,211659,0,'Anderson'),(1,'Fernando',38,211660,0,'Anderson'),(1,'Anderson',38,211661,0,'Ariel'),(1,'Ariel',38,211662,0,'Ariel'),(1,'Fabiano',38,211663,0,'Ariel'),(1,'Fernando',38,211664,0,'Ariel'),(1,'Anderson',38,211665,0,'Fabiano'),(1,'Ariel',38,211666,0,'Fabiano'),(1,'Fabiano',38,211667,0,'Fabiano'),(1,'Fernando',38,211668,0,'Fabiano'),(1,'Anderson',38,211669,0,'Fernando'),(1,'Ariel',38,211670,0,'Fernando'),(1,'Fabiano',38,211671,0,'Fernando'),(1,'Fernando',38,211672,0,'Fernando'),(1,'Anderson',39,211673,0,'Anderson'),(1,'Ariel',39,211674,0,'Anderson'),(1,'Fabiano',39,211675,0,'Anderson'),(1,'Fernando',39,211676,0,'Anderson'),(1,'Anderson',39,211677,0,'Ariel'),(1,'Ariel',39,211678,0,'Ariel'),(1,'Fabiano',39,211679,0,'Ariel'),(1,'Fernando',39,211680,0,'Ariel'),(1,'Anderson',39,211681,0,'Fabiano'),(1,'Ariel',39,211682,0,'Fabiano'),(1,'Fabiano',39,211683,0,'Fabiano'),(1,'Fernando',39,211684,0,'Fabiano'),(1,'Anderson',39,211685,0,'Fernando'),(1,'Ariel',39,211686,0,'Fernando'),(1,'Fabiano',39,211687,0,'Fernando'),(1,'Fernando',39,211688,0,'Fernando'),(1,'Anderson',40,211689,0,'Anderson'),(1,'Ariel',40,211690,0,'Anderson'),(1,'Fabiano',40,211691,0,'Anderson'),(1,'Fernando',40,211692,0,'Anderson'),(1,'Anderson',40,211693,0,'Ariel'),(1,'Ariel',40,211694,0,'Ariel'),(1,'Fabiano',40,211695,0,'Ariel'),(1,'Fernando',40,211696,0,'Ariel'),(1,'Anderson',40,211697,0,'Fabiano'),(1,'Ariel',40,211698,0,'Fabiano'),(1,'Fabiano',40,211699,0,'Fabiano'),(1,'Fernando',40,211700,0,'Fabiano'),(1,'Anderson',40,211701,0,'Fernando'),(1,'Ariel',40,211702,0,'Fernando'),(1,'Fabiano',40,211703,0,'Fernando'),(1,'Fernando',40,211704,0,'Fernando'),(1,'Anderson',41,211705,0,'Anderson'),(1,'Ariel',41,211706,0,'Anderson'),(1,'Fabiano',41,211707,0,'Anderson'),(1,'Fernando',41,211708,0,'Anderson'),(1,'Anderson',41,211709,0,'Ariel'),(1,'Ariel',41,211710,0,'Ariel'),(1,'Fabiano',41,211711,0,'Ariel'),(1,'Fernando',41,211712,0,'Ariel'),(1,'Anderson',41,211713,0,'Fabiano'),(1,'Ariel',41,211714,0,'Fabiano'),(1,'Fabiano',41,211715,0,'Fabiano'),(1,'Fernando',41,211716,0,'Fabiano'),(1,'Anderson',41,211717,0,'Fernando'),(1,'Ariel',41,211718,0,'Fernando'),(1,'Fabiano',41,211719,0,'Fernando'),(1,'Fernando',41,211720,0,'Fernando'),(1,'Anderson',42,211721,0,'Anderson'),(1,'Ariel',42,211722,0,'Anderson'),(1,'Fabiano',42,211723,0,'Anderson'),(1,'Fernando',42,211724,0,'Anderson'),(1,'Anderson',42,211725,0,'Ariel'),(1,'Ariel',42,211726,0,'Ariel'),(1,'Fabiano',42,211727,0,'Ariel'),(1,'Fernando',42,211728,0,'Ariel'),(1,'Anderson',42,211729,0,'Fabiano'),(1,'Ariel',42,211730,0,'Fabiano'),(1,'Fabiano',42,211731,0,'Fabiano'),(1,'Fernando',42,211732,0,'Fabiano'),(1,'Anderson',42,211733,0,'Fernando'),(1,'Ariel',42,211734,0,'Fernando'),(1,'Fabiano',42,211735,0,'Fernando'),(1,'Fernando',42,211736,0,'Fernando'),(1,'Anderson',43,211737,0,'Anderson'),(1,'Ariel',43,211738,0,'Anderson'),(1,'Fabiano',43,211739,0,'Anderson'),(1,'Fernando',43,211740,0,'Anderson'),(1,'Anderson',43,211741,0,'Ariel'),(1,'Ariel',43,211742,0,'Ariel'),(1,'Fabiano',43,211743,0,'Ariel'),(1,'Fernando',43,211744,0,'Ariel'),(1,'Anderson',43,211745,0,'Fabiano'),(1,'Ariel',43,211746,0,'Fabiano'),(1,'Fabiano',43,211747,0,'Fabiano'),(1,'Fernando',43,211748,0,'Fabiano'),(1,'Anderson',43,211749,0,'Fernando'),(1,'Ariel',43,211750,0,'Fernando'),(1,'Fabiano',43,211751,0,'Fernando'),(1,'Fernando',43,211752,0,'Fernando'),(1,'Anderson',44,211753,0,'Anderson'),(1,'Ariel',44,211754,0,'Anderson'),(1,'Fabiano',44,211755,0,'Anderson'),(1,'Fernando',44,211756,0,'Anderson'),(1,'Anderson',44,211757,0,'Ariel'),(1,'Ariel',44,211758,0,'Ariel'),(1,'Fabiano',44,211759,0,'Ariel'),(1,'Fernando',44,211760,0,'Ariel'),(1,'Anderson',44,211761,0,'Fabiano'),(1,'Ariel',44,211762,0,'Fabiano'),(1,'Fabiano',44,211763,0,'Fabiano'),(1,'Fernando',44,211764,0,'Fabiano'),(1,'Anderson',44,211765,0,'Fernando'),(1,'Ariel',44,211766,0,'Fernando'),(1,'Fabiano',44,211767,0,'Fernando'),(1,'Fernando',44,211768,0,'Fernando'),(1,'Angelina',2,212120,0,'Angelina'),(1,'Carlos',2,212121,0,'Angelina'),(1,'Catarina',2,212122,0,'Angelina'),(1,'Idilio',2,212123,0,'Angelina'),(1,'Maria',2,212124,0,'Angelina'),(1,'Nair',2,212125,0,'Angelina'),(1,'Paula',2,212126,0,'Angelina'),(1,'Angelina',2,212127,0,'Carlos'),(1,'Carlos',2,212128,0,'Carlos'),(1,'Catarina',2,212129,0,'Carlos'),(1,'Idilio',2,212130,0,'Carlos'),(1,'Maria',2,212131,0,'Carlos'),(1,'Nair',2,212132,0,'Carlos'),(1,'Paula',2,212133,0,'Carlos'),(1,'Angelina',2,212134,0,'Catarina'),(1,'Carlos',2,212135,0,'Catarina'),(1,'Catarina',2,212136,0,'Catarina'),(1,'Idilio',2,212137,0,'Catarina'),(1,'Maria',2,212138,0,'Catarina'),(1,'Nair',2,212139,0,'Catarina'),(1,'Paula',2,212140,0,'Catarina'),(1,'Angelina',2,212141,0,'Idilio'),(1,'Carlos',2,212142,0,'Idilio'),(1,'Catarina',2,212143,0,'Idilio'),(1,'Idilio',2,212144,0,'Idilio'),(1,'Maria',2,212145,0,'Idilio'),(1,'Nair',2,212146,0,'Idilio'),(1,'Paula',2,212147,0,'Idilio'),(1,'Angelina',2,212148,0,'Maria'),(1,'Carlos',2,212149,0,'Maria'),(1,'Catarina',2,212150,0,'Maria'),(1,'Idilio',2,212151,0,'Maria'),(1,'Maria',2,212152,0,'Maria'),(1,'Nair',2,212153,0,'Maria'),(1,'Paula',2,212154,0,'Maria'),(1,'Angelina',2,212155,0,'Nair'),(1,'Carlos',2,212156,0,'Nair'),(1,'Catarina',2,212157,0,'Nair'),(1,'Idilio',2,212158,0,'Nair'),(1,'Maria',2,212159,0,'Nair'),(1,'Nair',2,212160,0,'Nair'),(1,'Paula',2,212161,0,'Nair'),(1,'Angelina',2,212162,0,'Paula'),(1,'Carlos',2,212163,0,'Paula'),(1,'Catarina',2,212164,0,'Paula'),(1,'Idilio',2,212165,0,'Paula'),(1,'Maria',2,212166,0,'Paula'),(1,'Nair',2,212167,0,'Paula'),(1,'Paula',2,212168,0,'Paula'),(1,'Angelina',3,212169,0,'Angelina'),(1,'Carlos',3,212170,0,'Angelina'),(1,'Catarina',3,212171,0,'Angelina'),(1,'Idilio',3,212172,0,'Angelina'),(1,'Maria',3,212173,0,'Angelina'),(1,'Nair',3,212174,0,'Angelina'),(1,'Paula',3,212175,0,'Angelina'),(1,'Angelina',3,212176,0,'Carlos'),(1,'Carlos',3,212177,0,'Carlos'),(1,'Catarina',3,212178,0,'Carlos'),(1,'Idilio',3,212179,0,'Carlos'),(1,'Maria',3,212180,0,'Carlos'),(1,'Nair',3,212181,0,'Carlos'),(1,'Paula',3,212182,0,'Carlos'),(1,'Angelina',3,212183,0,'Catarina'),(1,'Carlos',3,212184,0,'Catarina'),(1,'Catarina',3,212185,0,'Catarina'),(1,'Idilio',3,212186,0,'Catarina'),(1,'Maria',3,212187,0,'Catarina'),(1,'Nair',3,212188,0,'Catarina'),(1,'Paula',3,212189,0,'Catarina'),(1,'Angelina',3,212190,0,'Idilio'),(1,'Carlos',3,212191,0,'Idilio'),(1,'Catarina',3,212192,0,'Idilio'),(1,'Idilio',3,212193,0,'Idilio'),(1,'Maria',3,212194,0,'Idilio'),(1,'Nair',3,212195,0,'Idilio'),(1,'Paula',3,212196,0,'Idilio'),(1,'Angelina',3,212197,0,'Maria'),(1,'Carlos',3,212198,0,'Maria'),(1,'Catarina',3,212199,0,'Maria'),(1,'Idilio',3,212200,0,'Maria'),(1,'Maria',3,212201,0,'Maria'),(1,'Nair',3,212202,0,'Maria'),(1,'Paula',3,212203,0,'Maria'),(1,'Angelina',3,212204,0,'Nair'),(1,'Carlos',3,212205,0,'Nair'),(1,'Catarina',3,212206,0,'Nair'),(1,'Idilio',3,212207,0,'Nair'),(1,'Maria',3,212208,0,'Nair'),(1,'Nair',3,212209,0,'Nair'),(1,'Paula',3,212210,0,'Nair'),(1,'Angelina',3,212211,0,'Paula'),(1,'Carlos',3,212212,0,'Paula'),(1,'Catarina',3,212213,0,'Paula'),(1,'Idilio',3,212214,0,'Paula'),(1,'Maria',3,212215,0,'Paula'),(1,'Nair',3,212216,0,'Paula'),(1,'Paula',3,212217,0,'Paula'),(1,'Angelina',4,212218,0,'Angelina'),(1,'Carlos',4,212219,0,'Angelina'),(1,'Catarina',4,212220,0,'Angelina'),(1,'Idilio',4,212221,0,'Angelina'),(1,'Maria',4,212222,0,'Angelina'),(1,'Nair',4,212223,0,'Angelina'),(1,'Paula',4,212224,0,'Angelina'),(1,'Angelina',4,212225,0,'Carlos'),(1,'Carlos',4,212226,0,'Carlos'),(1,'Catarina',4,212227,0,'Carlos'),(1,'Idilio',4,212228,0,'Carlos'),(1,'Maria',4,212229,0,'Carlos'),(1,'Nair',4,212230,0,'Carlos'),(1,'Paula',4,212231,0,'Carlos'),(1,'Angelina',4,212232,0,'Catarina'),(1,'Carlos',4,212233,0,'Catarina'),(1,'Catarina',4,212234,0,'Catarina'),(1,'Idilio',4,212235,0,'Catarina'),(1,'Maria',4,212236,0,'Catarina'),(1,'Nair',4,212237,0,'Catarina'),(1,'Paula',4,212238,0,'Catarina'),(1,'Angelina',4,212239,0,'Idilio'),(1,'Carlos',4,212240,0,'Idilio'),(1,'Catarina',4,212241,0,'Idilio'),(1,'Idilio',4,212242,0,'Idilio'),(1,'Maria',4,212243,0,'Idilio'),(1,'Nair',4,212244,0,'Idilio'),(1,'Paula',4,212245,0,'Idilio'),(1,'Angelina',4,212246,0,'Maria'),(1,'Carlos',4,212247,0,'Maria'),(1,'Catarina',4,212248,0,'Maria'),(1,'Idilio',4,212249,0,'Maria'),(1,'Maria',4,212250,0,'Maria'),(1,'Nair',4,212251,0,'Maria'),(1,'Paula',4,212252,0,'Maria'),(1,'Angelina',4,212253,0,'Nair'),(1,'Carlos',4,212254,0,'Nair'),(1,'Catarina',4,212255,0,'Nair'),(1,'Idilio',4,212256,0,'Nair'),(1,'Maria',4,212257,0,'Nair'),(1,'Nair',4,212258,0,'Nair'),(1,'Paula',4,212259,0,'Nair'),(1,'Angelina',4,212260,0,'Paula'),(1,'Carlos',4,212261,0,'Paula'),(1,'Catarina',4,212262,0,'Paula'),(1,'Idilio',4,212263,0,'Paula'),(1,'Maria',4,212264,0,'Paula'),(1,'Nair',4,212265,0,'Paula'),(1,'Paula',4,212266,0,'Paula'),(1,'Angelina',5,212267,0,'Angelina'),(1,'Carlos',5,212268,0,'Angelina'),(1,'Catarina',5,212269,0,'Angelina'),(1,'Idilio',5,212270,0,'Angelina'),(1,'Maria',5,212271,0,'Angelina'),(1,'Nair',5,212272,0,'Angelina'),(1,'Paula',5,212273,0,'Angelina'),(1,'Angelina',5,212274,0,'Carlos'),(1,'Carlos',5,212275,0,'Carlos'),(1,'Catarina',5,212276,0,'Carlos'),(1,'Idilio',5,212277,0,'Carlos'),(1,'Maria',5,212278,0,'Carlos'),(1,'Nair',5,212279,0,'Carlos'),(1,'Paula',5,212280,0,'Carlos'),(1,'Angelina',5,212281,0,'Catarina'),(1,'Carlos',5,212282,0,'Catarina'),(1,'Catarina',5,212283,0,'Catarina'),(1,'Idilio',5,212284,0,'Catarina'),(1,'Maria',5,212285,0,'Catarina'),(1,'Nair',5,212286,0,'Catarina'),(1,'Paula',5,212287,0,'Catarina'),(1,'Angelina',5,212288,0,'Idilio'),(1,'Carlos',5,212289,0,'Idilio'),(1,'Catarina',5,212290,0,'Idilio'),(1,'Idilio',5,212291,0,'Idilio'),(1,'Maria',5,212292,0,'Idilio'),(1,'Nair',5,212293,0,'Idilio'),(1,'Paula',5,212294,0,'Idilio'),(1,'Angelina',5,212295,0,'Maria'),(1,'Carlos',5,212296,0,'Maria'),(1,'Catarina',5,212297,0,'Maria'),(1,'Idilio',5,212298,0,'Maria'),(1,'Maria',5,212299,0,'Maria'),(1,'Nair',5,212300,0,'Maria'),(1,'Paula',5,212301,0,'Maria'),(1,'Angelina',5,212302,0,'Nair'),(1,'Carlos',5,212303,0,'Nair'),(1,'Catarina',5,212304,0,'Nair'),(1,'Idilio',5,212305,0,'Nair'),(1,'Maria',5,212306,0,'Nair'),(1,'Nair',5,212307,0,'Nair'),(1,'Paula',5,212308,0,'Nair'),(1,'Angelina',5,212309,0,'Paula'),(1,'Carlos',5,212310,0,'Paula'),(1,'Catarina',5,212311,0,'Paula'),(1,'Idilio',5,212312,0,'Paula'),(1,'Maria',5,212313,0,'Paula'),(1,'Nair',5,212314,0,'Paula'),(1,'Paula',5,212315,0,'Paula'),(1,'Angelina',6,212316,0,'Angelina'),(1,'Carlos',6,212317,0,'Angelina'),(1,'Catarina',6,212318,0,'Angelina'),(1,'Idilio',6,212319,0,'Angelina'),(1,'Maria',6,212320,0,'Angelina'),(1,'Nair',6,212321,0,'Angelina'),(1,'Paula',6,212322,0,'Angelina'),(1,'Angelina',6,212323,0,'Carlos'),(1,'Carlos',6,212324,0,'Carlos'),(1,'Catarina',6,212325,0,'Carlos'),(1,'Idilio',6,212326,0,'Carlos'),(1,'Maria',6,212327,0,'Carlos'),(1,'Nair',6,212328,0,'Carlos'),(1,'Paula',6,212329,0,'Carlos'),(1,'Angelina',6,212330,0,'Catarina'),(1,'Carlos',6,212331,0,'Catarina'),(1,'Catarina',6,212332,0,'Catarina'),(1,'Idilio',6,212333,0,'Catarina'),(1,'Maria',6,212334,0,'Catarina'),(1,'Nair',6,212335,0,'Catarina'),(1,'Paula',6,212336,0,'Catarina'),(1,'Angelina',6,212337,0,'Idilio'),(1,'Carlos',6,212338,0,'Idilio'),(1,'Catarina',6,212339,0,'Idilio'),(1,'Idilio',6,212340,0,'Idilio'),(1,'Maria',6,212341,0,'Idilio'),(1,'Nair',6,212342,0,'Idilio'),(1,'Paula',6,212343,0,'Idilio'),(1,'Angelina',6,212344,0,'Maria'),(1,'Carlos',6,212345,0,'Maria'),(1,'Catarina',6,212346,0,'Maria'),(1,'Idilio',6,212347,0,'Maria'),(1,'Maria',6,212348,0,'Maria'),(1,'Nair',6,212349,0,'Maria'),(1,'Paula',6,212350,0,'Maria'),(1,'Angelina',6,212351,0,'Nair'),(1,'Carlos',6,212352,0,'Nair'),(1,'Catarina',6,212353,0,'Nair'),(1,'Idilio',6,212354,0,'Nair'),(1,'Maria',6,212355,0,'Nair'),(1,'Nair',6,212356,0,'Nair'),(1,'Paula',6,212357,0,'Nair'),(1,'Angelina',6,212358,0,'Paula'),(1,'Carlos',6,212359,0,'Paula'),(1,'Catarina',6,212360,0,'Paula'),(1,'Idilio',6,212361,0,'Paula'),(1,'Maria',6,212362,0,'Paula'),(1,'Nair',6,212363,0,'Paula'),(1,'Paula',6,212364,0,'Paula'),(1,'Angelina',7,212365,0,'Angelina'),(1,'Carlos',7,212366,0,'Angelina'),(1,'Catarina',7,212367,0,'Angelina'),(1,'Idilio',7,212368,0,'Angelina'),(1,'Maria',7,212369,0,'Angelina'),(1,'Nair',7,212370,0,'Angelina'),(1,'Paula',7,212371,0,'Angelina'),(1,'Angelina',7,212372,0,'Carlos'),(1,'Carlos',7,212373,0,'Carlos'),(1,'Catarina',7,212374,0,'Carlos'),(1,'Idilio',7,212375,0,'Carlos'),(1,'Maria',7,212376,0,'Carlos'),(1,'Nair',7,212377,0,'Carlos'),(1,'Paula',7,212378,0,'Carlos'),(1,'Angelina',7,212379,0,'Catarina'),(1,'Carlos',7,212380,0,'Catarina'),(1,'Catarina',7,212381,0,'Catarina'),(1,'Idilio',7,212382,0,'Catarina'),(1,'Maria',7,212383,0,'Catarina'),(1,'Nair',7,212384,0,'Catarina'),(1,'Paula',7,212385,0,'Catarina'),(1,'Angelina',7,212386,0,'Idilio'),(1,'Carlos',7,212387,0,'Idilio'),(1,'Catarina',7,212388,0,'Idilio'),(1,'Idilio',7,212389,0,'Idilio'),(1,'Maria',7,212390,0,'Idilio'),(1,'Nair',7,212391,0,'Idilio'),(1,'Paula',7,212392,0,'Idilio'),(1,'Angelina',7,212393,0,'Maria'),(1,'Carlos',7,212394,0,'Maria'),(1,'Catarina',7,212395,0,'Maria'),(1,'Idilio',7,212396,0,'Maria'),(1,'Maria',7,212397,0,'Maria'),(1,'Nair',7,212398,0,'Maria'),(1,'Paula',7,212399,0,'Maria'),(1,'Angelina',7,212400,0,'Nair'),(1,'Carlos',7,212401,0,'Nair'),(1,'Catarina',7,212402,0,'Nair'),(1,'Idilio',7,212403,0,'Nair'),(1,'Maria',7,212404,0,'Nair'),(1,'Nair',7,212405,0,'Nair'),(1,'Paula',7,212406,0,'Nair'),(1,'Angelina',7,212407,0,'Paula'),(1,'Carlos',7,212408,0,'Paula'),(1,'Catarina',7,212409,0,'Paula'),(1,'Idilio',7,212410,0,'Paula'),(1,'Maria',7,212411,0,'Paula'),(1,'Nair',7,212412,0,'Paula'),(1,'Paula',7,212413,0,'Paula'),(1,'Angelina',8,212414,0,'Angelina'),(1,'Carlos',8,212415,0,'Angelina'),(1,'Catarina',8,212416,0,'Angelina'),(1,'Idilio',8,212417,0,'Angelina'),(1,'Maria',8,212418,0,'Angelina'),(1,'Nair',8,212419,0,'Angelina'),(1,'Paula',8,212420,0,'Angelina'),(1,'Angelina',8,212421,0,'Carlos'),(1,'Carlos',8,212422,0,'Carlos'),(1,'Catarina',8,212423,0,'Carlos'),(1,'Idilio',8,212424,0,'Carlos'),(1,'Maria',8,212425,0,'Carlos'),(1,'Nair',8,212426,0,'Carlos'),(1,'Paula',8,212427,0,'Carlos'),(1,'Angelina',8,212428,0,'Catarina'),(1,'Carlos',8,212429,0,'Catarina'),(1,'Catarina',8,212430,0,'Catarina'),(1,'Idilio',8,212431,0,'Catarina'),(1,'Maria',8,212432,0,'Catarina'),(1,'Nair',8,212433,0,'Catarina'),(1,'Paula',8,212434,0,'Catarina'),(1,'Angelina',8,212435,0,'Idilio'),(1,'Carlos',8,212436,0,'Idilio'),(1,'Catarina',8,212437,0,'Idilio'),(1,'Idilio',8,212438,0,'Idilio'),(1,'Maria',8,212439,0,'Idilio'),(1,'Nair',8,212440,0,'Idilio'),(1,'Paula',8,212441,0,'Idilio'),(1,'Angelina',8,212442,0,'Maria'),(1,'Carlos',8,212443,0,'Maria'),(1,'Catarina',8,212444,0,'Maria'),(1,'Idilio',8,212445,0,'Maria'),(1,'Maria',8,212446,0,'Maria'),(1,'Nair',8,212447,0,'Maria'),(1,'Paula',8,212448,0,'Maria'),(1,'Angelina',8,212449,0,'Nair'),(1,'Carlos',8,212450,0,'Nair'),(1,'Catarina',8,212451,0,'Nair'),(1,'Idilio',8,212452,0,'Nair'),(1,'Maria',8,212453,0,'Nair'),(1,'Nair',8,212454,0,'Nair'),(1,'Paula',8,212455,0,'Nair'),(1,'Angelina',8,212456,0,'Paula'),(1,'Carlos',8,212457,0,'Paula'),(1,'Catarina',8,212458,0,'Paula'),(1,'Idilio',8,212459,0,'Paula'),(1,'Maria',8,212460,0,'Paula'),(1,'Nair',8,212461,0,'Paula'),(1,'Paula',8,212462,0,'Paula'),(1,'Angelina',9,212463,0,'Angelina'),(1,'Carlos',9,212464,0,'Angelina'),(1,'Catarina',9,212465,0,'Angelina'),(1,'Idilio',9,212466,0,'Angelina'),(1,'Maria',9,212467,0,'Angelina'),(1,'Nair',9,212468,0,'Angelina'),(1,'Paula',9,212469,0,'Angelina'),(1,'Angelina',9,212470,0,'Carlos'),(1,'Carlos',9,212471,0,'Carlos'),(1,'Catarina',9,212472,0,'Carlos'),(1,'Idilio',9,212473,0,'Carlos'),(1,'Maria',9,212474,0,'Carlos'),(1,'Nair',9,212475,0,'Carlos'),(1,'Paula',9,212476,0,'Carlos'),(1,'Angelina',9,212477,0,'Catarina'),(1,'Carlos',9,212478,0,'Catarina'),(1,'Catarina',9,212479,0,'Catarina'),(1,'Idilio',9,212480,0,'Catarina'),(1,'Maria',9,212481,0,'Catarina'),(1,'Nair',9,212482,0,'Catarina'),(1,'Paula',9,212483,0,'Catarina'),(1,'Angelina',9,212484,0,'Idilio'),(1,'Carlos',9,212485,0,'Idilio'),(1,'Catarina',9,212486,0,'Idilio'),(1,'Idilio',9,212487,0,'Idilio'),(1,'Maria',9,212488,0,'Idilio'),(1,'Nair',9,212489,0,'Idilio'),(1,'Paula',9,212490,0,'Idilio'),(1,'Angelina',9,212491,0,'Maria'),(1,'Carlos',9,212492,0,'Maria'),(1,'Catarina',9,212493,0,'Maria'),(1,'Idilio',9,212494,0,'Maria'),(1,'Maria',9,212495,0,'Maria'),(1,'Nair',9,212496,0,'Maria'),(1,'Paula',9,212497,0,'Maria'),(1,'Angelina',9,212498,0,'Nair'),(1,'Carlos',9,212499,0,'Nair'),(1,'Catarina',9,212500,0,'Nair'),(1,'Idilio',9,212501,0,'Nair'),(1,'Maria',9,212502,0,'Nair'),(1,'Nair',9,212503,0,'Nair'),(1,'Paula',9,212504,0,'Nair'),(1,'Angelina',9,212505,0,'Paula'),(1,'Carlos',9,212506,0,'Paula'),(1,'Catarina',9,212507,0,'Paula'),(1,'Idilio',9,212508,0,'Paula'),(1,'Maria',9,212509,0,'Paula'),(1,'Nair',9,212510,0,'Paula'),(1,'Paula',9,212511,0,'Paula'),(1,'Angelina',10,212512,0,'Angelina'),(1,'Carlos',10,212513,0,'Angelina'),(1,'Catarina',10,212514,0,'Angelina'),(1,'Idilio',10,212515,0,'Angelina'),(1,'Maria',10,212516,0,'Angelina'),(1,'Nair',10,212517,0,'Angelina'),(1,'Paula',10,212518,0,'Angelina'),(1,'Angelina',10,212519,0,'Carlos'),(1,'Carlos',10,212520,0,'Carlos'),(1,'Catarina',10,212521,0,'Carlos'),(1,'Idilio',10,212522,0,'Carlos'),(1,'Maria',10,212523,0,'Carlos'),(1,'Nair',10,212524,0,'Carlos'),(1,'Paula',10,212525,0,'Carlos'),(1,'Angelina',10,212526,0,'Catarina'),(1,'Carlos',10,212527,0,'Catarina'),(1,'Catarina',10,212528,0,'Catarina'),(1,'Idilio',10,212529,0,'Catarina'),(1,'Maria',10,212530,0,'Catarina'),(1,'Nair',10,212531,0,'Catarina'),(1,'Paula',10,212532,0,'Catarina'),(1,'Angelina',10,212533,0,'Idilio'),(1,'Carlos',10,212534,0,'Idilio'),(1,'Catarina',10,212535,0,'Idilio'),(1,'Idilio',10,212536,0,'Idilio'),(1,'Maria',10,212537,0,'Idilio'),(1,'Nair',10,212538,0,'Idilio'),(1,'Paula',10,212539,0,'Idilio'),(1,'Angelina',10,212540,0,'Maria'),(1,'Carlos',10,212541,0,'Maria'),(1,'Catarina',10,212542,0,'Maria'),(1,'Idilio',10,212543,0,'Maria'),(1,'Maria',10,212544,0,'Maria'),(1,'Nair',10,212545,0,'Maria'),(1,'Paula',10,212546,0,'Maria'),(1,'Angelina',10,212547,0,'Nair'),(1,'Carlos',10,212548,0,'Nair'),(1,'Catarina',10,212549,0,'Nair'),(1,'Idilio',10,212550,0,'Nair'),(1,'Maria',10,212551,0,'Nair'),(1,'Nair',10,212552,0,'Nair'),(1,'Paula',10,212553,0,'Nair'),(1,'Angelina',10,212554,0,'Paula'),(1,'Carlos',10,212555,0,'Paula'),(1,'Catarina',10,212556,0,'Paula'),(1,'Idilio',10,212557,0,'Paula'),(1,'Maria',10,212558,0,'Paula'),(1,'Nair',10,212559,0,'Paula'),(1,'Paula',10,212560,0,'Paula'),(1,'Angelina',11,212561,0,'Angelina'),(1,'Carlos',11,212562,0,'Angelina'),(1,'Catarina',11,212563,0,'Angelina'),(1,'Idilio',11,212564,0,'Angelina'),(1,'Maria',11,212565,0,'Angelina'),(1,'Nair',11,212566,0,'Angelina'),(1,'Paula',11,212567,0,'Angelina'),(1,'Angelina',11,212568,0,'Carlos'),(1,'Carlos',11,212569,0,'Carlos'),(1,'Catarina',11,212570,0,'Carlos'),(1,'Idilio',11,212571,0,'Carlos'),(1,'Maria',11,212572,0,'Carlos'),(1,'Nair',11,212573,0,'Carlos'),(1,'Paula',11,212574,0,'Carlos'),(1,'Angelina',11,212575,0,'Catarina'),(1,'Carlos',11,212576,0,'Catarina'),(1,'Catarina',11,212577,0,'Catarina'),(1,'Idilio',11,212578,0,'Catarina'),(1,'Maria',11,212579,0,'Catarina'),(1,'Nair',11,212580,0,'Catarina'),(1,'Paula',11,212581,0,'Catarina'),(1,'Angelina',11,212582,0,'Idilio'),(1,'Carlos',11,212583,0,'Idilio'),(1,'Catarina',11,212584,0,'Idilio'),(1,'Idilio',11,212585,0,'Idilio'),(1,'Maria',11,212586,0,'Idilio'),(1,'Nair',11,212587,0,'Idilio'),(1,'Paula',11,212588,0,'Idilio'),(1,'Angelina',11,212589,0,'Maria'),(1,'Carlos',11,212590,0,'Maria'),(1,'Catarina',11,212591,0,'Maria'),(1,'Idilio',11,212592,0,'Maria'),(1,'Maria',11,212593,0,'Maria'),(1,'Nair',11,212594,0,'Maria'),(1,'Paula',11,212595,0,'Maria'),(1,'Angelina',11,212596,0,'Nair'),(1,'Carlos',11,212597,0,'Nair'),(1,'Catarina',11,212598,0,'Nair'),(1,'Idilio',11,212599,0,'Nair'),(1,'Maria',11,212600,0,'Nair'),(1,'Nair',11,212601,0,'Nair'),(1,'Paula',11,212602,0,'Nair'),(1,'Angelina',11,212603,0,'Paula'),(1,'Carlos',11,212604,0,'Paula'),(1,'Catarina',11,212605,0,'Paula'),(1,'Idilio',11,212606,0,'Paula'),(1,'Maria',11,212607,0,'Paula'),(1,'Nair',11,212608,0,'Paula'),(1,'Paula',11,212609,0,'Paula'),(1,'Angelina',12,212610,0,'Angelina'),(1,'Carlos',12,212611,0,'Angelina'),(1,'Catarina',12,212612,0,'Angelina'),(1,'Idilio',12,212613,0,'Angelina'),(1,'Maria',12,212614,0,'Angelina'),(1,'Nair',12,212615,0,'Angelina'),(1,'Paula',12,212616,0,'Angelina'),(1,'Angelina',12,212617,0,'Carlos'),(1,'Carlos',12,212618,0,'Carlos'),(1,'Catarina',12,212619,0,'Carlos'),(1,'Idilio',12,212620,0,'Carlos'),(1,'Maria',12,212621,0,'Carlos'),(1,'Nair',12,212622,0,'Carlos'),(1,'Paula',12,212623,0,'Carlos'),(1,'Angelina',12,212624,0,'Catarina'),(1,'Carlos',12,212625,0,'Catarina'),(1,'Catarina',12,212626,0,'Catarina'),(1,'Idilio',12,212627,0,'Catarina'),(1,'Maria',12,212628,0,'Catarina'),(1,'Nair',12,212629,0,'Catarina'),(1,'Paula',12,212630,0,'Catarina'),(1,'Angelina',12,212631,0,'Idilio'),(1,'Carlos',12,212632,0,'Idilio'),(1,'Catarina',12,212633,0,'Idilio'),(1,'Idilio',12,212634,0,'Idilio'),(1,'Maria',12,212635,0,'Idilio'),(1,'Nair',12,212636,0,'Idilio'),(1,'Paula',12,212637,0,'Idilio'),(1,'Angelina',12,212638,0,'Maria'),(1,'Carlos',12,212639,0,'Maria'),(1,'Catarina',12,212640,0,'Maria'),(1,'Idilio',12,212641,0,'Maria'),(1,'Maria',12,212642,0,'Maria'),(1,'Nair',12,212643,0,'Maria'),(1,'Paula',12,212644,0,'Maria'),(1,'Angelina',12,212645,0,'Nair'),(1,'Carlos',12,212646,0,'Nair'),(1,'Catarina',12,212647,0,'Nair'),(1,'Idilio',12,212648,0,'Nair'),(1,'Maria',12,212649,0,'Nair'),(1,'Nair',12,212650,0,'Nair'),(1,'Paula',12,212651,0,'Nair'),(1,'Angelina',12,212652,0,'Paula'),(1,'Carlos',12,212653,0,'Paula'),(1,'Catarina',12,212654,0,'Paula'),(1,'Idilio',12,212655,0,'Paula'),(1,'Maria',12,212656,0,'Paula'),(1,'Nair',12,212657,0,'Paula'),(1,'Paula',12,212658,0,'Paula'),(1,'Angelina',13,212659,0,'Angelina'),(1,'Carlos',13,212660,0,'Angelina'),(1,'Catarina',13,212661,0,'Angelina'),(1,'Idilio',13,212662,0,'Angelina'),(1,'Maria',13,212663,0,'Angelina'),(1,'Nair',13,212664,0,'Angelina'),(1,'Paula',13,212665,0,'Angelina'),(1,'Angelina',13,212666,0,'Carlos'),(1,'Carlos',13,212667,0,'Carlos'),(1,'Catarina',13,212668,0,'Carlos'),(1,'Idilio',13,212669,0,'Carlos'),(1,'Maria',13,212670,0,'Carlos'),(1,'Nair',13,212671,0,'Carlos'),(1,'Paula',13,212672,0,'Carlos'),(1,'Angelina',13,212673,0,'Catarina'),(1,'Carlos',13,212674,0,'Catarina'),(1,'Catarina',13,212675,0,'Catarina'),(1,'Idilio',13,212676,0,'Catarina'),(1,'Maria',13,212677,0,'Catarina'),(1,'Nair',13,212678,0,'Catarina'),(1,'Paula',13,212679,0,'Catarina'),(1,'Angelina',13,212680,0,'Idilio'),(1,'Carlos',13,212681,0,'Idilio'),(1,'Catarina',13,212682,0,'Idilio'),(1,'Idilio',13,212683,0,'Idilio'),(1,'Maria',13,212684,0,'Idilio'),(1,'Nair',13,212685,0,'Idilio'),(1,'Paula',13,212686,0,'Idilio'),(1,'Angelina',13,212687,0,'Maria'),(1,'Carlos',13,212688,0,'Maria'),(1,'Catarina',13,212689,0,'Maria'),(1,'Idilio',13,212690,0,'Maria'),(1,'Maria',13,212691,0,'Maria'),(1,'Nair',13,212692,0,'Maria'),(1,'Paula',13,212693,0,'Maria'),(1,'Angelina',13,212694,0,'Nair'),(1,'Carlos',13,212695,0,'Nair'),(1,'Catarina',13,212696,0,'Nair'),(1,'Idilio',13,212697,0,'Nair'),(1,'Maria',13,212698,0,'Nair'),(1,'Nair',13,212699,0,'Nair'),(1,'Paula',13,212700,0,'Nair'),(1,'Angelina',13,212701,0,'Paula'),(1,'Carlos',13,212702,0,'Paula'),(1,'Catarina',13,212703,0,'Paula'),(1,'Idilio',13,212704,0,'Paula'),(1,'Maria',13,212705,0,'Paula'),(1,'Nair',13,212706,0,'Paula'),(1,'Paula',13,212707,0,'Paula'),(1,'Angelina',14,212708,0,'Angelina'),(1,'Carlos',14,212709,0,'Angelina'),(1,'Catarina',14,212710,0,'Angelina'),(1,'Idilio',14,212711,0,'Angelina'),(1,'Maria',14,212712,0,'Angelina'),(1,'Nair',14,212713,0,'Angelina'),(1,'Paula',14,212714,0,'Angelina'),(1,'Angelina',14,212715,0,'Carlos'),(1,'Carlos',14,212716,0,'Carlos'),(1,'Catarina',14,212717,0,'Carlos'),(1,'Idilio',14,212718,0,'Carlos'),(1,'Maria',14,212719,0,'Carlos'),(1,'Nair',14,212720,0,'Carlos'),(1,'Paula',14,212721,0,'Carlos'),(1,'Angelina',14,212722,0,'Catarina'),(1,'Carlos',14,212723,0,'Catarina'),(1,'Catarina',14,212724,0,'Catarina'),(1,'Idilio',14,212725,0,'Catarina'),(1,'Maria',14,212726,0,'Catarina'),(1,'Nair',14,212727,0,'Catarina'),(1,'Paula',14,212728,0,'Catarina'),(1,'Angelina',14,212729,0,'Idilio'),(1,'Carlos',14,212730,0,'Idilio'),(1,'Catarina',14,212731,0,'Idilio'),(1,'Idilio',14,212732,0,'Idilio'),(1,'Maria',14,212733,0,'Idilio'),(1,'Nair',14,212734,0,'Idilio'),(1,'Paula',14,212735,0,'Idilio'),(1,'Angelina',14,212736,0,'Maria'),(1,'Carlos',14,212737,0,'Maria'),(1,'Catarina',14,212738,0,'Maria'),(1,'Idilio',14,212739,0,'Maria'),(1,'Maria',14,212740,0,'Maria'),(1,'Nair',14,212741,0,'Maria'),(1,'Paula',14,212742,0,'Maria'),(1,'Angelina',14,212743,0,'Nair'),(1,'Carlos',14,212744,0,'Nair'),(1,'Catarina',14,212745,0,'Nair'),(1,'Idilio',14,212746,0,'Nair'),(1,'Maria',14,212747,0,'Nair'),(1,'Nair',14,212748,0,'Nair'),(1,'Paula',14,212749,0,'Nair'),(1,'Angelina',14,212750,0,'Paula'),(1,'Carlos',14,212751,0,'Paula'),(1,'Catarina',14,212752,0,'Paula'),(1,'Idilio',14,212753,0,'Paula'),(1,'Maria',14,212754,0,'Paula'),(1,'Nair',14,212755,0,'Paula'),(1,'Paula',14,212756,0,'Paula'),(1,'Angelina',15,212757,0,'Angelina'),(1,'Carlos',15,212758,0,'Angelina'),(1,'Catarina',15,212759,0,'Angelina'),(1,'Idilio',15,212760,0,'Angelina'),(1,'Maria',15,212761,0,'Angelina'),(1,'Nair',15,212762,0,'Angelina'),(1,'Paula',15,212763,0,'Angelina'),(1,'Angelina',15,212764,0,'Carlos'),(1,'Carlos',15,212765,0,'Carlos'),(1,'Catarina',15,212766,0,'Carlos'),(1,'Idilio',15,212767,0,'Carlos'),(1,'Maria',15,212768,0,'Carlos'),(1,'Nair',15,212769,0,'Carlos'),(1,'Paula',15,212770,0,'Carlos'),(1,'Angelina',15,212771,0,'Catarina'),(1,'Carlos',15,212772,0,'Catarina'),(1,'Catarina',15,212773,0,'Catarina'),(1,'Idilio',15,212774,0,'Catarina'),(1,'Maria',15,212775,0,'Catarina'),(1,'Nair',15,212776,0,'Catarina'),(1,'Paula',15,212777,0,'Catarina'),(1,'Angelina',15,212778,0,'Idilio'),(1,'Carlos',15,212779,0,'Idilio'),(1,'Catarina',15,212780,0,'Idilio'),(1,'Idilio',15,212781,0,'Idilio'),(1,'Maria',15,212782,0,'Idilio'),(1,'Nair',15,212783,0,'Idilio'),(1,'Paula',15,212784,0,'Idilio'),(1,'Angelina',15,212785,0,'Maria'),(1,'Carlos',15,212786,0,'Maria'),(1,'Catarina',15,212787,0,'Maria'),(1,'Idilio',15,212788,0,'Maria'),(1,'Maria',15,212789,0,'Maria'),(1,'Nair',15,212790,0,'Maria'),(1,'Paula',15,212791,0,'Maria'),(1,'Angelina',15,212792,0,'Nair'),(1,'Carlos',15,212793,0,'Nair'),(1,'Catarina',15,212794,0,'Nair'),(1,'Idilio',15,212795,0,'Nair'),(1,'Maria',15,212796,0,'Nair'),(1,'Nair',15,212797,0,'Nair'),(1,'Paula',15,212798,0,'Nair'),(1,'Angelina',15,212799,0,'Paula'),(1,'Carlos',15,212800,0,'Paula'),(1,'Catarina',15,212801,0,'Paula'),(1,'Idilio',15,212802,0,'Paula'),(1,'Maria',15,212803,0,'Paula'),(1,'Nair',15,212804,0,'Paula'),(1,'Paula',15,212805,0,'Paula'),(1,'Angelina',16,212806,0,'Angelina'),(1,'Carlos',16,212807,0,'Angelina'),(1,'Catarina',16,212808,0,'Angelina'),(1,'Idilio',16,212809,0,'Angelina'),(1,'Maria',16,212810,0,'Angelina'),(1,'Nair',16,212811,0,'Angelina'),(1,'Paula',16,212812,0,'Angelina'),(1,'Angelina',16,212813,0,'Carlos'),(1,'Carlos',16,212814,0,'Carlos'),(1,'Catarina',16,212815,0,'Carlos'),(1,'Idilio',16,212816,0,'Carlos'),(1,'Maria',16,212817,0,'Carlos'),(1,'Nair',16,212818,0,'Carlos'),(1,'Paula',16,212819,0,'Carlos'),(1,'Angelina',16,212820,0,'Catarina'),(1,'Carlos',16,212821,0,'Catarina'),(1,'Catarina',16,212822,0,'Catarina'),(1,'Idilio',16,212823,0,'Catarina'),(1,'Maria',16,212824,0,'Catarina'),(1,'Nair',16,212825,0,'Catarina'),(1,'Paula',16,212826,0,'Catarina'),(1,'Angelina',16,212827,0,'Idilio'),(1,'Carlos',16,212828,0,'Idilio'),(1,'Catarina',16,212829,0,'Idilio'),(1,'Idilio',16,212830,0,'Idilio'),(1,'Maria',16,212831,0,'Idilio'),(1,'Nair',16,212832,0,'Idilio'),(1,'Paula',16,212833,0,'Idilio'),(1,'Angelina',16,212834,0,'Maria'),(1,'Carlos',16,212835,0,'Maria'),(1,'Catarina',16,212836,0,'Maria'),(1,'Idilio',16,212837,0,'Maria'),(1,'Maria',16,212838,0,'Maria'),(1,'Nair',16,212839,0,'Maria'),(1,'Paula',16,212840,0,'Maria'),(1,'Angelina',16,212841,0,'Nair'),(1,'Carlos',16,212842,0,'Nair'),(1,'Catarina',16,212843,0,'Nair'),(1,'Idilio',16,212844,0,'Nair'),(1,'Maria',16,212845,0,'Nair'),(1,'Nair',16,212846,0,'Nair'),(1,'Paula',16,212847,0,'Nair'),(1,'Angelina',16,212848,0,'Paula'),(1,'Carlos',16,212849,0,'Paula'),(1,'Catarina',16,212850,0,'Paula'),(1,'Idilio',16,212851,0,'Paula'),(1,'Maria',16,212852,0,'Paula'),(1,'Nair',16,212853,0,'Paula'),(1,'Paula',16,212854,0,'Paula'),(1,'Angelina',17,212855,0,'Angelina'),(1,'Carlos',17,212856,0,'Angelina'),(1,'Catarina',17,212857,0,'Angelina'),(1,'Idilio',17,212858,0,'Angelina'),(1,'Maria',17,212859,0,'Angelina'),(1,'Nair',17,212860,0,'Angelina'),(1,'Paula',17,212861,0,'Angelina'),(1,'Angelina',17,212862,0,'Carlos'),(1,'Carlos',17,212863,0,'Carlos'),(1,'Catarina',17,212864,0,'Carlos'),(1,'Idilio',17,212865,0,'Carlos'),(1,'Maria',17,212866,0,'Carlos'),(1,'Nair',17,212867,0,'Carlos'),(1,'Paula',17,212868,0,'Carlos'),(1,'Angelina',17,212869,0,'Catarina'),(1,'Carlos',17,212870,0,'Catarina'),(1,'Catarina',17,212871,0,'Catarina'),(1,'Idilio',17,212872,0,'Catarina'),(1,'Maria',17,212873,0,'Catarina'),(1,'Nair',17,212874,0,'Catarina'),(1,'Paula',17,212875,0,'Catarina'),(1,'Angelina',17,212876,0,'Idilio'),(1,'Carlos',17,212877,0,'Idilio'),(1,'Catarina',17,212878,0,'Idilio'),(1,'Idilio',17,212879,0,'Idilio'),(1,'Maria',17,212880,0,'Idilio'),(1,'Nair',17,212881,0,'Idilio'),(1,'Paula',17,212882,0,'Idilio'),(1,'Angelina',17,212883,0,'Maria'),(1,'Carlos',17,212884,0,'Maria'),(1,'Catarina',17,212885,0,'Maria'),(1,'Idilio',17,212886,0,'Maria'),(1,'Maria',17,212887,0,'Maria'),(1,'Nair',17,212888,0,'Maria'),(1,'Paula',17,212889,0,'Maria'),(1,'Angelina',17,212890,0,'Nair'),(1,'Carlos',17,212891,0,'Nair'),(1,'Catarina',17,212892,0,'Nair'),(1,'Idilio',17,212893,0,'Nair'),(1,'Maria',17,212894,0,'Nair'),(1,'Nair',17,212895,0,'Nair'),(1,'Paula',17,212896,0,'Nair'),(1,'Angelina',17,212897,0,'Paula'),(1,'Carlos',17,212898,0,'Paula'),(1,'Catarina',17,212899,0,'Paula'),(1,'Idilio',17,212900,0,'Paula'),(1,'Maria',17,212901,0,'Paula'),(1,'Nair',17,212902,0,'Paula'),(1,'Paula',17,212903,0,'Paula'),(1,'Angelina',18,212904,0,'Angelina'),(1,'Carlos',18,212905,0,'Angelina'),(1,'Catarina',18,212906,0,'Angelina'),(1,'Idilio',18,212907,0,'Angelina'),(1,'Maria',18,212908,0,'Angelina'),(1,'Nair',18,212909,0,'Angelina'),(1,'Paula',18,212910,0,'Angelina'),(1,'Angelina',18,212911,0,'Carlos'),(1,'Carlos',18,212912,0,'Carlos'),(1,'Catarina',18,212913,0,'Carlos'),(1,'Idilio',18,212914,0,'Carlos'),(1,'Maria',18,212915,0,'Carlos'),(1,'Nair',18,212916,0,'Carlos'),(1,'Paula',18,212917,0,'Carlos'),(1,'Angelina',18,212918,0,'Catarina'),(1,'Carlos',18,212919,0,'Catarina'),(1,'Catarina',18,212920,0,'Catarina'),(1,'Idilio',18,212921,0,'Catarina'),(1,'Maria',18,212922,0,'Catarina'),(1,'Nair',18,212923,0,'Catarina'),(1,'Paula',18,212924,0,'Catarina'),(1,'Angelina',18,212925,0,'Idilio'),(1,'Carlos',18,212926,0,'Idilio'),(1,'Catarina',18,212927,0,'Idilio'),(1,'Idilio',18,212928,0,'Idilio'),(1,'Maria',18,212929,0,'Idilio'),(1,'Nair',18,212930,0,'Idilio'),(1,'Paula',18,212931,0,'Idilio'),(1,'Angelina',18,212932,0,'Maria'),(1,'Carlos',18,212933,0,'Maria'),(1,'Catarina',18,212934,0,'Maria'),(1,'Idilio',18,212935,0,'Maria'),(1,'Maria',18,212936,0,'Maria'),(1,'Nair',18,212937,0,'Maria'),(1,'Paula',18,212938,0,'Maria'),(1,'Angelina',18,212939,0,'Nair'),(1,'Carlos',18,212940,0,'Nair'),(1,'Catarina',18,212941,0,'Nair'),(1,'Idilio',18,212942,0,'Nair'),(1,'Maria',18,212943,0,'Nair'),(1,'Nair',18,212944,0,'Nair'),(1,'Paula',18,212945,0,'Nair'),(1,'Angelina',18,212946,0,'Paula'),(1,'Carlos',18,212947,0,'Paula'),(1,'Catarina',18,212948,0,'Paula'),(1,'Idilio',18,212949,0,'Paula'),(1,'Maria',18,212950,0,'Paula'),(1,'Nair',18,212951,0,'Paula'),(1,'Paula',18,212952,0,'Paula'),(1,'Angelina',19,212953,0,'Angelina'),(1,'Carlos',19,212954,0,'Angelina'),(1,'Catarina',19,212955,0,'Angelina'),(1,'Idilio',19,212956,0,'Angelina'),(1,'Maria',19,212957,0,'Angelina'),(1,'Nair',19,212958,0,'Angelina'),(1,'Paula',19,212959,0,'Angelina'),(1,'Angelina',19,212960,0,'Carlos'),(1,'Carlos',19,212961,0,'Carlos'),(1,'Catarina',19,212962,0,'Carlos'),(1,'Idilio',19,212963,0,'Carlos'),(1,'Maria',19,212964,0,'Carlos'),(1,'Nair',19,212965,0,'Carlos'),(1,'Paula',19,212966,0,'Carlos'),(1,'Angelina',19,212967,0,'Catarina'),(1,'Carlos',19,212968,0,'Catarina'),(1,'Catarina',19,212969,0,'Catarina'),(1,'Idilio',19,212970,0,'Catarina'),(1,'Maria',19,212971,0,'Catarina'),(1,'Nair',19,212972,0,'Catarina'),(1,'Paula',19,212973,0,'Catarina'),(1,'Angelina',19,212974,0,'Idilio'),(1,'Carlos',19,212975,0,'Idilio'),(1,'Catarina',19,212976,0,'Idilio'),(1,'Idilio',19,212977,0,'Idilio'),(1,'Maria',19,212978,0,'Idilio'),(1,'Nair',19,212979,0,'Idilio'),(1,'Paula',19,212980,0,'Idilio'),(1,'Angelina',19,212981,0,'Maria'),(1,'Carlos',19,212982,0,'Maria'),(1,'Catarina',19,212983,0,'Maria'),(1,'Idilio',19,212984,0,'Maria'),(1,'Maria',19,212985,0,'Maria'),(1,'Nair',19,212986,0,'Maria'),(1,'Paula',19,212987,0,'Maria'),(1,'Angelina',19,212988,0,'Nair'),(1,'Carlos',19,212989,0,'Nair'),(1,'Catarina',19,212990,0,'Nair'),(1,'Idilio',19,212991,0,'Nair'),(1,'Maria',19,212992,0,'Nair'),(1,'Nair',19,212993,0,'Nair'),(1,'Paula',19,212994,0,'Nair'),(1,'Angelina',19,212995,0,'Paula'),(1,'Carlos',19,212996,0,'Paula'),(1,'Catarina',19,212997,0,'Paula'),(1,'Idilio',19,212998,0,'Paula'),(1,'Maria',19,212999,0,'Paula'),(1,'Nair',19,213000,0,'Paula'),(1,'Paula',19,213001,0,'Paula'),(1,'Angelina',20,213002,0,'Angelina'),(1,'Carlos',20,213003,0,'Angelina'),(1,'Catarina',20,213004,0,'Angelina'),(1,'Idilio',20,213005,0,'Angelina'),(1,'Maria',20,213006,0,'Angelina'),(1,'Nair',20,213007,0,'Angelina'),(1,'Paula',20,213008,0,'Angelina'),(1,'Angelina',20,213009,0,'Carlos'),(1,'Carlos',20,213010,0,'Carlos'),(1,'Catarina',20,213011,0,'Carlos'),(1,'Idilio',20,213012,0,'Carlos'),(1,'Maria',20,213013,0,'Carlos'),(1,'Nair',20,213014,0,'Carlos'),(1,'Paula',20,213015,0,'Carlos'),(1,'Angelina',20,213016,0,'Catarina'),(1,'Carlos',20,213017,0,'Catarina'),(1,'Catarina',20,213018,0,'Catarina'),(1,'Idilio',20,213019,0,'Catarina'),(1,'Maria',20,213020,0,'Catarina'),(1,'Nair',20,213021,0,'Catarina'),(1,'Paula',20,213022,0,'Catarina'),(1,'Angelina',20,213023,0,'Idilio'),(1,'Carlos',20,213024,0,'Idilio'),(1,'Catarina',20,213025,0,'Idilio'),(1,'Idilio',20,213026,0,'Idilio'),(1,'Maria',20,213027,0,'Idilio'),(1,'Nair',20,213028,0,'Idilio'),(1,'Paula',20,213029,0,'Idilio'),(1,'Angelina',20,213030,0,'Maria'),(1,'Carlos',20,213031,0,'Maria'),(1,'Catarina',20,213032,0,'Maria'),(1,'Idilio',20,213033,0,'Maria'),(1,'Maria',20,213034,0,'Maria'),(1,'Nair',20,213035,0,'Maria'),(1,'Paula',20,213036,0,'Maria'),(1,'Angelina',20,213037,0,'Nair'),(1,'Carlos',20,213038,0,'Nair'),(1,'Catarina',20,213039,0,'Nair'),(1,'Idilio',20,213040,0,'Nair'),(1,'Maria',20,213041,0,'Nair'),(1,'Nair',20,213042,0,'Nair'),(1,'Paula',20,213043,0,'Nair'),(1,'Angelina',20,213044,0,'Paula'),(1,'Carlos',20,213045,0,'Paula'),(1,'Catarina',20,213046,0,'Paula'),(1,'Idilio',20,213047,0,'Paula'),(1,'Maria',20,213048,0,'Paula'),(1,'Nair',20,213049,0,'Paula'),(1,'Paula',20,213050,0,'Paula'),(1,'Angelina',21,213051,0,'Angelina'),(1,'Carlos',21,213052,0,'Angelina'),(1,'Catarina',21,213053,0,'Angelina'),(1,'Idilio',21,213054,0,'Angelina'),(1,'Maria',21,213055,0,'Angelina'),(1,'Nair',21,213056,0,'Angelina'),(1,'Paula',21,213057,0,'Angelina'),(1,'Angelina',21,213058,0,'Carlos'),(1,'Carlos',21,213059,0,'Carlos'),(1,'Catarina',21,213060,0,'Carlos'),(1,'Idilio',21,213061,0,'Carlos'),(1,'Maria',21,213062,0,'Carlos'),(1,'Nair',21,213063,0,'Carlos'),(1,'Paula',21,213064,0,'Carlos'),(1,'Angelina',21,213065,0,'Catarina'),(1,'Carlos',21,213066,0,'Catarina'),(1,'Catarina',21,213067,0,'Catarina'),(1,'Idilio',21,213068,0,'Catarina'),(1,'Maria',21,213069,0,'Catarina'),(1,'Nair',21,213070,0,'Catarina'),(1,'Paula',21,213071,0,'Catarina'),(1,'Angelina',21,213072,0,'Idilio'),(1,'Carlos',21,213073,0,'Idilio'),(1,'Catarina',21,213074,0,'Idilio'),(1,'Idilio',21,213075,0,'Idilio'),(1,'Maria',21,213076,0,'Idilio'),(1,'Nair',21,213077,0,'Idilio'),(1,'Paula',21,213078,0,'Idilio'),(1,'Angelina',21,213079,0,'Maria'),(1,'Carlos',21,213080,0,'Maria'),(1,'Catarina',21,213081,0,'Maria'),(1,'Idilio',21,213082,0,'Maria'),(1,'Maria',21,213083,0,'Maria'),(1,'Nair',21,213084,0,'Maria'),(1,'Paula',21,213085,0,'Maria'),(1,'Angelina',21,213086,0,'Nair'),(1,'Carlos',21,213087,0,'Nair'),(1,'Catarina',21,213088,0,'Nair'),(1,'Idilio',21,213089,0,'Nair'),(1,'Maria',21,213090,0,'Nair'),(1,'Nair',21,213091,0,'Nair'),(1,'Paula',21,213092,0,'Nair'),(1,'Angelina',21,213093,0,'Paula'),(1,'Carlos',21,213094,0,'Paula'),(1,'Catarina',21,213095,0,'Paula'),(1,'Idilio',21,213096,0,'Paula'),(1,'Maria',21,213097,0,'Paula'),(1,'Nair',21,213098,0,'Paula'),(1,'Paula',21,213099,0,'Paula'),(1,'Angelina',22,213100,0,'Angelina'),(1,'Carlos',22,213101,0,'Angelina'),(1,'Catarina',22,213102,0,'Angelina'),(1,'Idilio',22,213103,0,'Angelina'),(1,'Maria',22,213104,0,'Angelina'),(1,'Nair',22,213105,0,'Angelina'),(1,'Paula',22,213106,0,'Angelina'),(1,'Angelina',22,213107,0,'Carlos'),(1,'Carlos',22,213108,0,'Carlos'),(1,'Catarina',22,213109,0,'Carlos'),(1,'Idilio',22,213110,0,'Carlos'),(1,'Maria',22,213111,0,'Carlos'),(1,'Nair',22,213112,0,'Carlos'),(1,'Paula',22,213113,0,'Carlos'),(1,'Angelina',22,213114,0,'Catarina'),(1,'Carlos',22,213115,0,'Catarina'),(1,'Catarina',22,213116,0,'Catarina'),(1,'Idilio',22,213117,0,'Catarina'),(1,'Maria',22,213118,0,'Catarina'),(1,'Nair',22,213119,0,'Catarina'),(1,'Paula',22,213120,0,'Catarina'),(1,'Angelina',22,213121,0,'Idilio'),(1,'Carlos',22,213122,0,'Idilio'),(1,'Catarina',22,213123,0,'Idilio'),(1,'Idilio',22,213124,0,'Idilio'),(1,'Maria',22,213125,0,'Idilio'),(1,'Nair',22,213126,0,'Idilio'),(1,'Paula',22,213127,0,'Idilio'),(1,'Angelina',22,213128,0,'Maria'),(1,'Carlos',22,213129,0,'Maria'),(1,'Catarina',22,213130,0,'Maria'),(1,'Idilio',22,213131,0,'Maria'),(1,'Maria',22,213132,0,'Maria'),(1,'Nair',22,213133,0,'Maria'),(1,'Paula',22,213134,0,'Maria'),(1,'Angelina',22,213135,0,'Nair'),(1,'Carlos',22,213136,0,'Nair'),(1,'Catarina',22,213137,0,'Nair'),(1,'Idilio',22,213138,0,'Nair'),(1,'Maria',22,213139,0,'Nair'),(1,'Nair',22,213140,0,'Nair'),(1,'Paula',22,213141,0,'Nair'),(1,'Angelina',22,213142,0,'Paula'),(1,'Carlos',22,213143,0,'Paula'),(1,'Catarina',22,213144,0,'Paula'),(1,'Idilio',22,213145,0,'Paula'),(1,'Maria',22,213146,0,'Paula'),(1,'Nair',22,213147,0,'Paula'),(1,'Paula',22,213148,0,'Paula'),(1,'Angelina',23,213149,0,'Angelina'),(1,'Carlos',23,213150,0,'Angelina'),(1,'Catarina',23,213151,0,'Angelina'),(1,'Idilio',23,213152,0,'Angelina'),(1,'Maria',23,213153,0,'Angelina'),(1,'Nair',23,213154,0,'Angelina'),(1,'Paula',23,213155,0,'Angelina'),(1,'Angelina',23,213156,0,'Carlos'),(1,'Carlos',23,213157,0,'Carlos'),(1,'Catarina',23,213158,0,'Carlos'),(1,'Idilio',23,213159,0,'Carlos'),(1,'Maria',23,213160,0,'Carlos'),(1,'Nair',23,213161,0,'Carlos'),(1,'Paula',23,213162,0,'Carlos'),(1,'Angelina',23,213163,0,'Catarina'),(1,'Carlos',23,213164,0,'Catarina'),(1,'Catarina',23,213165,0,'Catarina'),(1,'Idilio',23,213166,0,'Catarina'),(1,'Maria',23,213167,0,'Catarina'),(1,'Nair',23,213168,0,'Catarina'),(1,'Paula',23,213169,0,'Catarina'),(1,'Angelina',23,213170,0,'Idilio'),(1,'Carlos',23,213171,0,'Idilio'),(1,'Catarina',23,213172,0,'Idilio'),(1,'Idilio',23,213173,0,'Idilio'),(1,'Maria',23,213174,0,'Idilio'),(1,'Nair',23,213175,0,'Idilio'),(1,'Paula',23,213176,0,'Idilio'),(1,'Angelina',23,213177,0,'Maria'),(1,'Carlos',23,213178,0,'Maria'),(1,'Catarina',23,213179,0,'Maria'),(1,'Idilio',23,213180,0,'Maria'),(1,'Maria',23,213181,0,'Maria'),(1,'Nair',23,213182,0,'Maria'),(1,'Paula',23,213183,0,'Maria'),(1,'Angelina',23,213184,0,'Nair'),(1,'Carlos',23,213185,0,'Nair'),(1,'Catarina',23,213186,0,'Nair'),(1,'Idilio',23,213187,0,'Nair'),(1,'Maria',23,213188,0,'Nair'),(1,'Nair',23,213189,0,'Nair'),(1,'Paula',23,213190,0,'Nair'),(1,'Angelina',23,213191,0,'Paula'),(1,'Carlos',23,213192,0,'Paula'),(1,'Catarina',23,213193,0,'Paula'),(1,'Idilio',23,213194,0,'Paula'),(1,'Maria',23,213195,0,'Paula'),(1,'Nair',23,213196,0,'Paula'),(1,'Paula',23,213197,0,'Paula'),(1,'Angelina',24,213198,0,'Angelina'),(1,'Carlos',24,213199,0,'Angelina'),(1,'Catarina',24,213200,0,'Angelina'),(1,'Idilio',24,213201,0,'Angelina'),(1,'Maria',24,213202,0,'Angelina'),(1,'Nair',24,213203,0,'Angelina'),(1,'Paula',24,213204,0,'Angelina'),(1,'Angelina',24,213205,0,'Carlos'),(1,'Carlos',24,213206,0,'Carlos'),(1,'Catarina',24,213207,0,'Carlos'),(1,'Idilio',24,213208,0,'Carlos'),(1,'Maria',24,213209,0,'Carlos'),(1,'Nair',24,213210,0,'Carlos'),(1,'Paula',24,213211,0,'Carlos'),(1,'Angelina',24,213212,0,'Catarina'),(1,'Carlos',24,213213,0,'Catarina'),(1,'Catarina',24,213214,0,'Catarina'),(1,'Idilio',24,213215,0,'Catarina'),(1,'Maria',24,213216,0,'Catarina'),(1,'Nair',24,213217,0,'Catarina'),(1,'Paula',24,213218,0,'Catarina'),(1,'Angelina',24,213219,0,'Idilio'),(1,'Carlos',24,213220,0,'Idilio'),(1,'Catarina',24,213221,0,'Idilio'),(1,'Idilio',24,213222,0,'Idilio'),(1,'Maria',24,213223,0,'Idilio'),(1,'Nair',24,213224,0,'Idilio'),(1,'Paula',24,213225,0,'Idilio'),(1,'Angelina',24,213226,0,'Maria'),(1,'Carlos',24,213227,0,'Maria'),(1,'Catarina',24,213228,0,'Maria'),(1,'Idilio',24,213229,0,'Maria'),(1,'Maria',24,213230,0,'Maria'),(1,'Nair',24,213231,0,'Maria'),(1,'Paula',24,213232,0,'Maria'),(1,'Angelina',24,213233,0,'Nair'),(1,'Carlos',24,213234,0,'Nair'),(1,'Catarina',24,213235,0,'Nair'),(1,'Idilio',24,213236,0,'Nair'),(1,'Maria',24,213237,0,'Nair'),(1,'Nair',24,213238,0,'Nair'),(1,'Paula',24,213239,0,'Nair'),(1,'Angelina',24,213240,0,'Paula'),(1,'Carlos',24,213241,0,'Paula'),(1,'Catarina',24,213242,0,'Paula'),(1,'Idilio',24,213243,0,'Paula'),(1,'Maria',24,213244,0,'Paula'),(1,'Nair',24,213245,0,'Paula'),(1,'Paula',24,213246,0,'Paula'),(1,'Angelina',25,213247,0,'Angelina'),(1,'Carlos',25,213248,0,'Angelina'),(1,'Catarina',25,213249,0,'Angelina'),(1,'Idilio',25,213250,0,'Angelina'),(1,'Maria',25,213251,0,'Angelina'),(1,'Nair',25,213252,0,'Angelina'),(1,'Paula',25,213253,0,'Angelina'),(1,'Angelina',25,213254,0,'Carlos'),(1,'Carlos',25,213255,0,'Carlos'),(1,'Catarina',25,213256,0,'Carlos'),(1,'Idilio',25,213257,0,'Carlos'),(1,'Maria',25,213258,0,'Carlos'),(1,'Nair',25,213259,0,'Carlos'),(1,'Paula',25,213260,0,'Carlos'),(1,'Angelina',25,213261,0,'Catarina'),(1,'Carlos',25,213262,0,'Catarina'),(1,'Catarina',25,213263,0,'Catarina'),(1,'Idilio',25,213264,0,'Catarina'),(1,'Maria',25,213265,0,'Catarina'),(1,'Nair',25,213266,0,'Catarina'),(1,'Paula',25,213267,0,'Catarina'),(1,'Angelina',25,213268,0,'Idilio'),(1,'Carlos',25,213269,0,'Idilio'),(1,'Catarina',25,213270,0,'Idilio'),(1,'Idilio',25,213271,0,'Idilio'),(1,'Maria',25,213272,0,'Idilio'),(1,'Nair',25,213273,0,'Idilio'),(1,'Paula',25,213274,0,'Idilio'),(1,'Angelina',25,213275,0,'Maria'),(1,'Carlos',25,213276,0,'Maria'),(1,'Catarina',25,213277,0,'Maria'),(1,'Idilio',25,213278,0,'Maria'),(1,'Maria',25,213279,0,'Maria'),(1,'Nair',25,213280,0,'Maria'),(1,'Paula',25,213281,0,'Maria'),(1,'Angelina',25,213282,0,'Nair'),(1,'Carlos',25,213283,0,'Nair'),(1,'Catarina',25,213284,0,'Nair'),(1,'Idilio',25,213285,0,'Nair'),(1,'Maria',25,213286,0,'Nair'),(1,'Nair',25,213287,0,'Nair'),(1,'Paula',25,213288,0,'Nair'),(1,'Angelina',25,213289,0,'Paula'),(1,'Carlos',25,213290,0,'Paula'),(1,'Catarina',25,213291,0,'Paula'),(1,'Idilio',25,213292,0,'Paula'),(1,'Maria',25,213293,0,'Paula'),(1,'Nair',25,213294,0,'Paula'),(1,'Paula',25,213295,0,'Paula'),(1,'Angelina',26,213296,0,'Angelina'),(1,'Carlos',26,213297,0,'Angelina'),(1,'Catarina',26,213298,0,'Angelina'),(1,'Idilio',26,213299,0,'Angelina'),(1,'Maria',26,213300,0,'Angelina'),(1,'Nair',26,213301,0,'Angelina'),(1,'Paula',26,213302,0,'Angelina'),(1,'Angelina',26,213303,0,'Carlos'),(1,'Carlos',26,213304,0,'Carlos'),(1,'Catarina',26,213305,0,'Carlos'),(1,'Idilio',26,213306,0,'Carlos'),(1,'Maria',26,213307,0,'Carlos'),(1,'Nair',26,213308,0,'Carlos'),(1,'Paula',26,213309,0,'Carlos'),(1,'Angelina',26,213310,0,'Catarina'),(1,'Carlos',26,213311,0,'Catarina'),(1,'Catarina',26,213312,0,'Catarina'),(1,'Idilio',26,213313,0,'Catarina'),(1,'Maria',26,213314,0,'Catarina'),(1,'Nair',26,213315,0,'Catarina'),(1,'Paula',26,213316,0,'Catarina'),(1,'Angelina',26,213317,0,'Idilio'),(1,'Carlos',26,213318,0,'Idilio'),(1,'Catarina',26,213319,0,'Idilio'),(1,'Idilio',26,213320,0,'Idilio'),(1,'Maria',26,213321,0,'Idilio'),(1,'Nair',26,213322,0,'Idilio'),(1,'Paula',26,213323,0,'Idilio'),(1,'Angelina',26,213324,0,'Maria'),(1,'Carlos',26,213325,0,'Maria'),(1,'Catarina',26,213326,0,'Maria'),(1,'Idilio',26,213327,0,'Maria'),(1,'Maria',26,213328,0,'Maria'),(1,'Nair',26,213329,0,'Maria'),(1,'Paula',26,213330,0,'Maria'),(1,'Angelina',26,213331,0,'Nair'),(1,'Carlos',26,213332,0,'Nair'),(1,'Catarina',26,213333,0,'Nair'),(1,'Idilio',26,213334,0,'Nair'),(1,'Maria',26,213335,0,'Nair'),(1,'Nair',26,213336,0,'Nair'),(1,'Paula',26,213337,0,'Nair'),(1,'Angelina',26,213338,0,'Paula'),(1,'Carlos',26,213339,0,'Paula'),(1,'Catarina',26,213340,0,'Paula'),(1,'Idilio',26,213341,0,'Paula'),(1,'Maria',26,213342,0,'Paula'),(1,'Nair',26,213343,0,'Paula'),(1,'Paula',26,213344,0,'Paula'),(1,'Angelina',27,213345,0,'Angelina'),(1,'Carlos',27,213346,0,'Angelina'),(1,'Catarina',27,213347,0,'Angelina'),(1,'Idilio',27,213348,0,'Angelina'),(1,'Maria',27,213349,0,'Angelina'),(1,'Nair',27,213350,0,'Angelina'),(1,'Paula',27,213351,0,'Angelina'),(1,'Angelina',27,213352,0,'Carlos'),(1,'Carlos',27,213353,0,'Carlos'),(1,'Catarina',27,213354,0,'Carlos'),(1,'Idilio',27,213355,0,'Carlos'),(1,'Maria',27,213356,0,'Carlos'),(1,'Nair',27,213357,0,'Carlos'),(1,'Paula',27,213358,0,'Carlos'),(1,'Angelina',27,213359,0,'Catarina'),(1,'Carlos',27,213360,0,'Catarina'),(1,'Catarina',27,213361,0,'Catarina'),(1,'Idilio',27,213362,0,'Catarina'),(1,'Maria',27,213363,0,'Catarina'),(1,'Nair',27,213364,0,'Catarina'),(1,'Paula',27,213365,0,'Catarina'),(1,'Angelina',27,213366,0,'Idilio'),(1,'Carlos',27,213367,0,'Idilio'),(1,'Catarina',27,213368,0,'Idilio'),(1,'Idilio',27,213369,0,'Idilio'),(1,'Maria',27,213370,0,'Idilio'),(1,'Nair',27,213371,0,'Idilio'),(1,'Paula',27,213372,0,'Idilio'),(1,'Angelina',27,213373,0,'Maria'),(1,'Carlos',27,213374,0,'Maria'),(1,'Catarina',27,213375,0,'Maria'),(1,'Idilio',27,213376,0,'Maria'),(1,'Maria',27,213377,0,'Maria'),(1,'Nair',27,213378,0,'Maria'),(1,'Paula',27,213379,0,'Maria'),(1,'Angelina',27,213380,0,'Nair'),(1,'Carlos',27,213381,0,'Nair'),(1,'Catarina',27,213382,0,'Nair'),(1,'Idilio',27,213383,0,'Nair'),(1,'Maria',27,213384,0,'Nair'),(1,'Nair',27,213385,0,'Nair'),(1,'Paula',27,213386,0,'Nair'),(1,'Angelina',27,213387,0,'Paula'),(1,'Carlos',27,213388,0,'Paula'),(1,'Catarina',27,213389,0,'Paula'),(1,'Idilio',27,213390,0,'Paula'),(1,'Maria',27,213391,0,'Paula'),(1,'Nair',27,213392,0,'Paula'),(1,'Paula',27,213393,0,'Paula'),(1,'Angelina',28,213394,0,'Angelina'),(1,'Carlos',28,213395,0,'Angelina'),(1,'Catarina',28,213396,0,'Angelina'),(1,'Idilio',28,213397,0,'Angelina'),(1,'Maria',28,213398,0,'Angelina'),(1,'Nair',28,213399,0,'Angelina'),(1,'Paula',28,213400,0,'Angelina'),(1,'Angelina',28,213401,0,'Carlos'),(1,'Carlos',28,213402,0,'Carlos'),(1,'Catarina',28,213403,0,'Carlos'),(1,'Idilio',28,213404,0,'Carlos'),(1,'Maria',28,213405,0,'Carlos'),(1,'Nair',28,213406,0,'Carlos'),(1,'Paula',28,213407,0,'Carlos'),(1,'Angelina',28,213408,0,'Catarina'),(1,'Carlos',28,213409,0,'Catarina'),(1,'Catarina',28,213410,0,'Catarina'),(1,'Idilio',28,213411,0,'Catarina'),(1,'Maria',28,213412,0,'Catarina'),(1,'Nair',28,213413,0,'Catarina'),(1,'Paula',28,213414,0,'Catarina'),(1,'Angelina',28,213415,0,'Idilio'),(1,'Carlos',28,213416,0,'Idilio'),(1,'Catarina',28,213417,0,'Idilio'),(1,'Idilio',28,213418,0,'Idilio'),(1,'Maria',28,213419,0,'Idilio'),(1,'Nair',28,213420,0,'Idilio'),(1,'Paula',28,213421,0,'Idilio'),(1,'Angelina',28,213422,0,'Maria'),(1,'Carlos',28,213423,0,'Maria'),(1,'Catarina',28,213424,0,'Maria'),(1,'Idilio',28,213425,0,'Maria'),(1,'Maria',28,213426,0,'Maria'),(1,'Nair',28,213427,0,'Maria'),(1,'Paula',28,213428,0,'Maria'),(1,'Angelina',28,213429,0,'Nair'),(1,'Carlos',28,213430,0,'Nair'),(1,'Catarina',28,213431,0,'Nair'),(1,'Idilio',28,213432,0,'Nair'),(1,'Maria',28,213433,0,'Nair'),(1,'Nair',28,213434,0,'Nair'),(1,'Paula',28,213435,0,'Nair'),(1,'Angelina',28,213436,0,'Paula'),(1,'Carlos',28,213437,0,'Paula'),(1,'Catarina',28,213438,0,'Paula'),(1,'Idilio',28,213439,0,'Paula'),(1,'Maria',28,213440,0,'Paula'),(1,'Nair',28,213441,0,'Paula'),(1,'Paula',28,213442,0,'Paula'),(1,'Angelina',29,213443,0,'Angelina'),(1,'Carlos',29,213444,0,'Angelina'),(1,'Catarina',29,213445,0,'Angelina'),(1,'Idilio',29,213446,0,'Angelina'),(1,'Maria',29,213447,0,'Angelina'),(1,'Nair',29,213448,0,'Angelina'),(1,'Paula',29,213449,0,'Angelina'),(1,'Angelina',29,213450,0,'Carlos'),(1,'Carlos',29,213451,0,'Carlos'),(1,'Catarina',29,213452,0,'Carlos'),(1,'Idilio',29,213453,0,'Carlos'),(1,'Maria',29,213454,0,'Carlos'),(1,'Nair',29,213455,0,'Carlos'),(1,'Paula',29,213456,0,'Carlos'),(1,'Angelina',29,213457,0,'Catarina'),(1,'Carlos',29,213458,0,'Catarina'),(1,'Catarina',29,213459,0,'Catarina'),(1,'Idilio',29,213460,0,'Catarina'),(1,'Maria',29,213461,0,'Catarina'),(1,'Nair',29,213462,0,'Catarina'),(1,'Paula',29,213463,0,'Catarina'),(1,'Angelina',29,213464,0,'Idilio'),(1,'Carlos',29,213465,0,'Idilio'),(1,'Catarina',29,213466,0,'Idilio'),(1,'Idilio',29,213467,0,'Idilio'),(1,'Maria',29,213468,0,'Idilio'),(1,'Nair',29,213469,0,'Idilio'),(1,'Paula',29,213470,0,'Idilio'),(1,'Angelina',29,213471,0,'Maria'),(1,'Carlos',29,213472,0,'Maria'),(1,'Catarina',29,213473,0,'Maria'),(1,'Idilio',29,213474,0,'Maria'),(1,'Maria',29,213475,0,'Maria'),(1,'Nair',29,213476,0,'Maria'),(1,'Paula',29,213477,0,'Maria'),(1,'Angelina',29,213478,0,'Nair'),(1,'Carlos',29,213479,0,'Nair'),(1,'Catarina',29,213480,0,'Nair'),(1,'Idilio',29,213481,0,'Nair'),(1,'Maria',29,213482,0,'Nair'),(1,'Nair',29,213483,0,'Nair'),(1,'Paula',29,213484,0,'Nair'),(1,'Angelina',29,213485,0,'Paula'),(1,'Carlos',29,213486,0,'Paula'),(1,'Catarina',29,213487,0,'Paula'),(1,'Idilio',29,213488,0,'Paula'),(1,'Maria',29,213489,0,'Paula'),(1,'Nair',29,213490,0,'Paula'),(1,'Paula',29,213491,0,'Paula'),(1,'Angelina',30,213492,0,'Angelina'),(1,'Carlos',30,213493,0,'Angelina'),(1,'Catarina',30,213494,0,'Angelina'),(1,'Idilio',30,213495,0,'Angelina'),(1,'Maria',30,213496,0,'Angelina'),(1,'Nair',30,213497,0,'Angelina'),(1,'Paula',30,213498,0,'Angelina'),(1,'Angelina',30,213499,0,'Carlos'),(1,'Carlos',30,213500,0,'Carlos'),(1,'Catarina',30,213501,0,'Carlos'),(1,'Idilio',30,213502,0,'Carlos'),(1,'Maria',30,213503,0,'Carlos'),(1,'Nair',30,213504,0,'Carlos'),(1,'Paula',30,213505,0,'Carlos'),(1,'Angelina',30,213506,0,'Catarina'),(1,'Carlos',30,213507,0,'Catarina'),(1,'Catarina',30,213508,0,'Catarina'),(1,'Idilio',30,213509,0,'Catarina'),(1,'Maria',30,213510,0,'Catarina'),(1,'Nair',30,213511,0,'Catarina'),(1,'Paula',30,213512,0,'Catarina'),(1,'Angelina',30,213513,0,'Idilio'),(1,'Carlos',30,213514,0,'Idilio'),(1,'Catarina',30,213515,0,'Idilio'),(1,'Idilio',30,213516,0,'Idilio'),(1,'Maria',30,213517,0,'Idilio'),(1,'Nair',30,213518,0,'Idilio'),(1,'Paula',30,213519,0,'Idilio'),(1,'Angelina',30,213520,0,'Maria'),(1,'Carlos',30,213521,0,'Maria'),(1,'Catarina',30,213522,0,'Maria'),(1,'Idilio',30,213523,0,'Maria'),(1,'Maria',30,213524,0,'Maria'),(1,'Nair',30,213525,0,'Maria'),(1,'Paula',30,213526,0,'Maria'),(1,'Angelina',30,213527,0,'Nair'),(1,'Carlos',30,213528,0,'Nair'),(1,'Catarina',30,213529,0,'Nair'),(1,'Idilio',30,213530,0,'Nair'),(1,'Maria',30,213531,0,'Nair'),(1,'Nair',30,213532,0,'Nair'),(1,'Paula',30,213533,0,'Nair'),(1,'Angelina',30,213534,0,'Paula'),(1,'Carlos',30,213535,0,'Paula'),(1,'Catarina',30,213536,0,'Paula'),(1,'Idilio',30,213537,0,'Paula'),(1,'Maria',30,213538,0,'Paula'),(1,'Nair',30,213539,0,'Paula'),(1,'Paula',30,213540,0,'Paula'),(1,'Angelina',31,213541,0,'Angelina'),(1,'Carlos',31,213542,0,'Angelina'),(1,'Catarina',31,213543,0,'Angelina'),(1,'Idilio',31,213544,0,'Angelina'),(1,'Maria',31,213545,0,'Angelina'),(1,'Nair',31,213546,0,'Angelina'),(1,'Paula',31,213547,0,'Angelina'),(1,'Angelina',31,213548,0,'Carlos'),(1,'Carlos',31,213549,0,'Carlos'),(1,'Catarina',31,213550,0,'Carlos'),(1,'Idilio',31,213551,0,'Carlos'),(1,'Maria',31,213552,0,'Carlos'),(1,'Nair',31,213553,0,'Carlos'),(1,'Paula',31,213554,0,'Carlos'),(1,'Angelina',31,213555,0,'Catarina'),(1,'Carlos',31,213556,0,'Catarina'),(1,'Catarina',31,213557,0,'Catarina'),(1,'Idilio',31,213558,0,'Catarina'),(1,'Maria',31,213559,0,'Catarina'),(1,'Nair',31,213560,0,'Catarina'),(1,'Paula',31,213561,0,'Catarina'),(1,'Angelina',31,213562,0,'Idilio'),(1,'Carlos',31,213563,0,'Idilio'),(1,'Catarina',31,213564,0,'Idilio'),(1,'Idilio',31,213565,0,'Idilio'),(1,'Maria',31,213566,0,'Idilio'),(1,'Nair',31,213567,0,'Idilio'),(1,'Paula',31,213568,0,'Idilio'),(1,'Angelina',31,213569,0,'Maria'),(1,'Carlos',31,213570,0,'Maria'),(1,'Catarina',31,213571,0,'Maria'),(1,'Idilio',31,213572,0,'Maria'),(1,'Maria',31,213573,0,'Maria'),(1,'Nair',31,213574,0,'Maria'),(1,'Paula',31,213575,0,'Maria'),(1,'Angelina',31,213576,0,'Nair'),(1,'Carlos',31,213577,0,'Nair'),(1,'Catarina',31,213578,0,'Nair'),(1,'Idilio',31,213579,0,'Nair'),(1,'Maria',31,213580,0,'Nair'),(1,'Nair',31,213581,0,'Nair'),(1,'Paula',31,213582,0,'Nair'),(1,'Angelina',31,213583,0,'Paula'),(1,'Carlos',31,213584,0,'Paula'),(1,'Catarina',31,213585,0,'Paula'),(1,'Idilio',31,213586,0,'Paula'),(1,'Maria',31,213587,0,'Paula'),(1,'Nair',31,213588,0,'Paula'),(1,'Paula',31,213589,0,'Paula'),(1,'Angelina',32,213590,0,'Angelina'),(1,'Carlos',32,213591,0,'Angelina'),(1,'Catarina',32,213592,0,'Angelina'),(1,'Idilio',32,213593,0,'Angelina'),(1,'Maria',32,213594,0,'Angelina'),(1,'Nair',32,213595,0,'Angelina'),(1,'Paula',32,213596,0,'Angelina'),(1,'Angelina',32,213597,0,'Carlos'),(1,'Carlos',32,213598,0,'Carlos'),(1,'Catarina',32,213599,0,'Carlos'),(1,'Idilio',32,213600,0,'Carlos'),(1,'Maria',32,213601,0,'Carlos'),(1,'Nair',32,213602,0,'Carlos'),(1,'Paula',32,213603,0,'Carlos'),(1,'Angelina',32,213604,0,'Catarina'),(1,'Carlos',32,213605,0,'Catarina'),(1,'Catarina',32,213606,0,'Catarina'),(1,'Idilio',32,213607,0,'Catarina'),(1,'Maria',32,213608,0,'Catarina'),(1,'Nair',32,213609,0,'Catarina'),(1,'Paula',32,213610,0,'Catarina'),(1,'Angelina',32,213611,0,'Idilio'),(1,'Carlos',32,213612,0,'Idilio'),(1,'Catarina',32,213613,0,'Idilio'),(1,'Idilio',32,213614,0,'Idilio'),(1,'Maria',32,213615,0,'Idilio'),(1,'Nair',32,213616,0,'Idilio'),(1,'Paula',32,213617,0,'Idilio'),(1,'Angelina',32,213618,0,'Maria'),(1,'Carlos',32,213619,0,'Maria'),(1,'Catarina',32,213620,0,'Maria'),(1,'Idilio',32,213621,0,'Maria'),(1,'Maria',32,213622,0,'Maria'),(1,'Nair',32,213623,0,'Maria'),(1,'Paula',32,213624,0,'Maria'),(1,'Angelina',32,213625,0,'Nair'),(1,'Carlos',32,213626,0,'Nair'),(1,'Catarina',32,213627,0,'Nair'),(1,'Idilio',32,213628,0,'Nair'),(1,'Maria',32,213629,0,'Nair'),(1,'Nair',32,213630,0,'Nair'),(1,'Paula',32,213631,0,'Nair'),(1,'Angelina',32,213632,0,'Paula'),(1,'Carlos',32,213633,0,'Paula'),(1,'Catarina',32,213634,0,'Paula'),(1,'Idilio',32,213635,0,'Paula'),(1,'Maria',32,213636,0,'Paula'),(1,'Nair',32,213637,0,'Paula'),(1,'Paula',32,213638,0,'Paula'),(1,'Angelina',33,213639,0,'Angelina'),(1,'Carlos',33,213640,0,'Angelina'),(1,'Catarina',33,213641,0,'Angelina'),(1,'Idilio',33,213642,0,'Angelina'),(1,'Maria',33,213643,0,'Angelina'),(1,'Nair',33,213644,0,'Angelina'),(1,'Paula',33,213645,0,'Angelina'),(1,'Angelina',33,213646,0,'Carlos'),(1,'Carlos',33,213647,0,'Carlos'),(1,'Catarina',33,213648,0,'Carlos'),(1,'Idilio',33,213649,0,'Carlos'),(1,'Maria',33,213650,0,'Carlos'),(1,'Nair',33,213651,0,'Carlos'),(1,'Paula',33,213652,0,'Carlos'),(1,'Angelina',33,213653,0,'Catarina'),(1,'Carlos',33,213654,0,'Catarina'),(1,'Catarina',33,213655,0,'Catarina'),(1,'Idilio',33,213656,0,'Catarina'),(1,'Maria',33,213657,0,'Catarina'),(1,'Nair',33,213658,0,'Catarina'),(1,'Paula',33,213659,0,'Catarina'),(1,'Angelina',33,213660,0,'Idilio'),(1,'Carlos',33,213661,0,'Idilio'),(1,'Catarina',33,213662,0,'Idilio'),(1,'Idilio',33,213663,0,'Idilio'),(1,'Maria',33,213664,0,'Idilio'),(1,'Nair',33,213665,0,'Idilio'),(1,'Paula',33,213666,0,'Idilio'),(1,'Angelina',33,213667,0,'Maria'),(1,'Carlos',33,213668,0,'Maria'),(1,'Catarina',33,213669,0,'Maria'),(1,'Idilio',33,213670,0,'Maria'),(1,'Maria',33,213671,0,'Maria'),(1,'Nair',33,213672,0,'Maria'),(1,'Paula',33,213673,0,'Maria'),(1,'Angelina',33,213674,0,'Nair'),(1,'Carlos',33,213675,0,'Nair'),(1,'Catarina',33,213676,0,'Nair'),(1,'Idilio',33,213677,0,'Nair'),(1,'Maria',33,213678,0,'Nair'),(1,'Nair',33,213679,0,'Nair'),(1,'Paula',33,213680,0,'Nair'),(1,'Angelina',33,213681,0,'Paula'),(1,'Carlos',33,213682,0,'Paula'),(1,'Catarina',33,213683,0,'Paula'),(1,'Idilio',33,213684,0,'Paula'),(1,'Maria',33,213685,0,'Paula'),(1,'Nair',33,213686,0,'Paula'),(1,'Paula',33,213687,0,'Paula'),(1,'Angelina',35,213688,0,'Angelina'),(1,'Carlos',35,213689,0,'Angelina'),(1,'Catarina',35,213690,0,'Angelina'),(1,'Idilio',35,213691,0,'Angelina'),(1,'Maria',35,213692,0,'Angelina'),(1,'Nair',35,213693,0,'Angelina'),(1,'Paula',35,213694,0,'Angelina'),(1,'Angelina',35,213695,0,'Carlos'),(1,'Carlos',35,213696,0,'Carlos'),(1,'Catarina',35,213697,0,'Carlos'),(1,'Idilio',35,213698,0,'Carlos'),(1,'Maria',35,213699,0,'Carlos'),(1,'Nair',35,213700,0,'Carlos'),(1,'Paula',35,213701,0,'Carlos'),(1,'Angelina',35,213702,0,'Catarina'),(1,'Carlos',35,213703,0,'Catarina'),(1,'Catarina',35,213704,0,'Catarina'),(1,'Idilio',35,213705,0,'Catarina'),(1,'Maria',35,213706,0,'Catarina'),(1,'Nair',35,213707,0,'Catarina'),(1,'Paula',35,213708,0,'Catarina'),(1,'Angelina',35,213709,0,'Idilio'),(1,'Carlos',35,213710,0,'Idilio'),(1,'Catarina',35,213711,0,'Idilio'),(1,'Idilio',35,213712,0,'Idilio'),(1,'Maria',35,213713,0,'Idilio'),(1,'Nair',35,213714,0,'Idilio'),(1,'Paula',35,213715,0,'Idilio'),(1,'Angelina',35,213716,0,'Maria'),(1,'Carlos',35,213717,0,'Maria'),(1,'Catarina',35,213718,0,'Maria'),(1,'Idilio',35,213719,0,'Maria'),(1,'Maria',35,213720,0,'Maria'),(1,'Nair',35,213721,0,'Maria'),(1,'Paula',35,213722,0,'Maria'),(1,'Angelina',35,213723,0,'Nair'),(1,'Carlos',35,213724,0,'Nair'),(1,'Catarina',35,213725,0,'Nair'),(1,'Idilio',35,213726,0,'Nair'),(1,'Maria',35,213727,0,'Nair'),(1,'Nair',35,213728,0,'Nair'),(1,'Paula',35,213729,0,'Nair'),(1,'Angelina',35,213730,0,'Paula'),(1,'Carlos',35,213731,0,'Paula'),(1,'Catarina',35,213732,0,'Paula'),(1,'Idilio',35,213733,0,'Paula'),(1,'Maria',35,213734,0,'Paula'),(1,'Nair',35,213735,0,'Paula'),(1,'Paula',35,213736,0,'Paula'),(1,'Angelina',36,213737,0,'Angelina'),(1,'Carlos',36,213738,0,'Angelina'),(1,'Catarina',36,213739,0,'Angelina'),(1,'Idilio',36,213740,0,'Angelina'),(1,'Maria',36,213741,0,'Angelina'),(1,'Nair',36,213742,0,'Angelina'),(1,'Paula',36,213743,0,'Angelina'),(1,'Angelina',36,213744,0,'Carlos'),(1,'Carlos',36,213745,0,'Carlos'),(1,'Catarina',36,213746,0,'Carlos'),(1,'Idilio',36,213747,0,'Carlos'),(1,'Maria',36,213748,0,'Carlos'),(1,'Nair',36,213749,0,'Carlos'),(1,'Paula',36,213750,0,'Carlos'),(1,'Angelina',36,213751,0,'Catarina'),(1,'Carlos',36,213752,0,'Catarina'),(1,'Catarina',36,213753,0,'Catarina'),(1,'Idilio',36,213754,0,'Catarina'),(1,'Maria',36,213755,0,'Catarina'),(1,'Nair',36,213756,0,'Catarina'),(1,'Paula',36,213757,0,'Catarina'),(1,'Angelina',36,213758,0,'Idilio'),(1,'Carlos',36,213759,0,'Idilio'),(1,'Catarina',36,213760,0,'Idilio'),(1,'Idilio',36,213761,0,'Idilio'),(1,'Maria',36,213762,0,'Idilio'),(1,'Nair',36,213763,0,'Idilio'),(1,'Paula',36,213764,0,'Idilio'),(1,'Angelina',36,213765,0,'Maria'),(1,'Carlos',36,213766,0,'Maria'),(1,'Catarina',36,213767,0,'Maria'),(1,'Idilio',36,213768,0,'Maria'),(1,'Maria',36,213769,0,'Maria'),(1,'Nair',36,213770,0,'Maria'),(1,'Paula',36,213771,0,'Maria'),(1,'Angelina',36,213772,0,'Nair'),(1,'Carlos',36,213773,0,'Nair'),(1,'Catarina',36,213774,0,'Nair'),(1,'Idilio',36,213775,0,'Nair'),(1,'Maria',36,213776,0,'Nair'),(1,'Nair',36,213777,0,'Nair'),(1,'Paula',36,213778,0,'Nair'),(1,'Angelina',36,213779,0,'Paula'),(1,'Carlos',36,213780,0,'Paula'),(1,'Catarina',36,213781,0,'Paula'),(1,'Idilio',36,213782,0,'Paula'),(1,'Maria',36,213783,0,'Paula'),(1,'Nair',36,213784,0,'Paula'),(1,'Paula',36,213785,0,'Paula'),(1,'Angelina',37,213786,0,'Angelina'),(1,'Carlos',37,213787,0,'Angelina'),(1,'Catarina',37,213788,0,'Angelina'),(1,'Idilio',37,213789,0,'Angelina'),(1,'Maria',37,213790,0,'Angelina'),(1,'Nair',37,213791,0,'Angelina'),(1,'Paula',37,213792,0,'Angelina'),(1,'Angelina',37,213793,0,'Carlos'),(1,'Carlos',37,213794,0,'Carlos'),(1,'Catarina',37,213795,0,'Carlos'),(1,'Idilio',37,213796,0,'Carlos'),(1,'Maria',37,213797,0,'Carlos'),(1,'Nair',37,213798,0,'Carlos'),(1,'Paula',37,213799,0,'Carlos'),(1,'Angelina',37,213800,0,'Catarina'),(1,'Carlos',37,213801,0,'Catarina'),(1,'Catarina',37,213802,0,'Catarina'),(1,'Idilio',37,213803,0,'Catarina'),(1,'Maria',37,213804,0,'Catarina'),(1,'Nair',37,213805,0,'Catarina'),(1,'Paula',37,213806,0,'Catarina'),(1,'Angelina',37,213807,0,'Idilio'),(1,'Carlos',37,213808,0,'Idilio'),(1,'Catarina',37,213809,0,'Idilio'),(1,'Idilio',37,213810,0,'Idilio'),(1,'Maria',37,213811,0,'Idilio'),(1,'Nair',37,213812,0,'Idilio'),(1,'Paula',37,213813,0,'Idilio'),(1,'Angelina',37,213814,0,'Maria'),(1,'Carlos',37,213815,0,'Maria'),(1,'Catarina',37,213816,0,'Maria'),(1,'Idilio',37,213817,0,'Maria'),(1,'Maria',37,213818,0,'Maria'),(1,'Nair',37,213819,0,'Maria'),(1,'Paula',37,213820,0,'Maria'),(1,'Angelina',37,213821,0,'Nair'),(1,'Carlos',37,213822,0,'Nair'),(1,'Catarina',37,213823,0,'Nair'),(1,'Idilio',37,213824,0,'Nair'),(1,'Maria',37,213825,0,'Nair'),(1,'Nair',37,213826,0,'Nair'),(1,'Paula',37,213827,0,'Nair'),(1,'Angelina',37,213828,0,'Paula'),(1,'Carlos',37,213829,0,'Paula'),(1,'Catarina',37,213830,0,'Paula'),(1,'Idilio',37,213831,0,'Paula'),(1,'Maria',37,213832,0,'Paula'),(1,'Nair',37,213833,0,'Paula'),(1,'Paula',37,213834,0,'Paula'),(1,'Angelina',38,213835,0,'Angelina'),(1,'Carlos',38,213836,0,'Angelina'),(1,'Catarina',38,213837,0,'Angelina'),(1,'Idilio',38,213838,0,'Angelina'),(1,'Maria',38,213839,0,'Angelina'),(1,'Nair',38,213840,0,'Angelina'),(1,'Paula',38,213841,0,'Angelina'),(1,'Angelina',38,213842,0,'Carlos'),(1,'Carlos',38,213843,0,'Carlos'),(1,'Catarina',38,213844,0,'Carlos'),(1,'Idilio',38,213845,0,'Carlos'),(1,'Maria',38,213846,0,'Carlos'),(1,'Nair',38,213847,0,'Carlos'),(1,'Paula',38,213848,0,'Carlos'),(1,'Angelina',38,213849,0,'Catarina'),(1,'Carlos',38,213850,0,'Catarina'),(1,'Catarina',38,213851,0,'Catarina'),(1,'Idilio',38,213852,0,'Catarina'),(1,'Maria',38,213853,0,'Catarina'),(1,'Nair',38,213854,0,'Catarina'),(1,'Paula',38,213855,0,'Catarina'),(1,'Angelina',38,213856,0,'Idilio'),(1,'Carlos',38,213857,0,'Idilio'),(1,'Catarina',38,213858,0,'Idilio'),(1,'Idilio',38,213859,0,'Idilio'),(1,'Maria',38,213860,0,'Idilio'),(1,'Nair',38,213861,0,'Idilio'),(1,'Paula',38,213862,0,'Idilio'),(1,'Angelina',38,213863,0,'Maria'),(1,'Carlos',38,213864,0,'Maria'),(1,'Catarina',38,213865,0,'Maria'),(1,'Idilio',38,213866,0,'Maria'),(1,'Maria',38,213867,0,'Maria'),(1,'Nair',38,213868,0,'Maria'),(1,'Paula',38,213869,0,'Maria'),(1,'Angelina',38,213870,0,'Nair'),(1,'Carlos',38,213871,0,'Nair'),(1,'Catarina',38,213872,0,'Nair'),(1,'Idilio',38,213873,0,'Nair'),(1,'Maria',38,213874,0,'Nair'),(1,'Nair',38,213875,0,'Nair'),(1,'Paula',38,213876,0,'Nair'),(1,'Angelina',38,213877,0,'Paula'),(1,'Carlos',38,213878,0,'Paula'),(1,'Catarina',38,213879,0,'Paula'),(1,'Idilio',38,213880,0,'Paula'),(1,'Maria',38,213881,0,'Paula'),(1,'Nair',38,213882,0,'Paula'),(1,'Paula',38,213883,0,'Paula'),(1,'Angelina',39,213884,0,'Angelina'),(1,'Carlos',39,213885,0,'Angelina'),(1,'Catarina',39,213886,0,'Angelina'),(1,'Idilio',39,213887,0,'Angelina'),(1,'Maria',39,213888,0,'Angelina'),(1,'Nair',39,213889,0,'Angelina'),(1,'Paula',39,213890,0,'Angelina'),(1,'Angelina',39,213891,0,'Carlos'),(1,'Carlos',39,213892,0,'Carlos'),(1,'Catarina',39,213893,0,'Carlos'),(1,'Idilio',39,213894,0,'Carlos'),(1,'Maria',39,213895,0,'Carlos'),(1,'Nair',39,213896,0,'Carlos'),(1,'Paula',39,213897,0,'Carlos'),(1,'Angelina',39,213898,0,'Catarina'),(1,'Carlos',39,213899,0,'Catarina'),(1,'Catarina',39,213900,0,'Catarina'),(1,'Idilio',39,213901,0,'Catarina'),(1,'Maria',39,213902,0,'Catarina'),(1,'Nair',39,213903,0,'Catarina'),(1,'Paula',39,213904,0,'Catarina'),(1,'Angelina',39,213905,0,'Idilio'),(1,'Carlos',39,213906,0,'Idilio'),(1,'Catarina',39,213907,0,'Idilio'),(1,'Idilio',39,213908,0,'Idilio'),(1,'Maria',39,213909,0,'Idilio'),(1,'Nair',39,213910,0,'Idilio'),(1,'Paula',39,213911,0,'Idilio'),(1,'Angelina',39,213912,0,'Maria'),(1,'Carlos',39,213913,0,'Maria'),(1,'Catarina',39,213914,0,'Maria'),(1,'Idilio',39,213915,0,'Maria'),(1,'Maria',39,213916,0,'Maria'),(1,'Nair',39,213917,0,'Maria'),(1,'Paula',39,213918,0,'Maria'),(1,'Angelina',39,213919,0,'Nair'),(1,'Carlos',39,213920,0,'Nair'),(1,'Catarina',39,213921,0,'Nair'),(1,'Idilio',39,213922,0,'Nair'),(1,'Maria',39,213923,0,'Nair'),(1,'Nair',39,213924,0,'Nair'),(1,'Paula',39,213925,0,'Nair'),(1,'Angelina',39,213926,0,'Paula'),(1,'Carlos',39,213927,0,'Paula'),(1,'Catarina',39,213928,0,'Paula'),(1,'Idilio',39,213929,0,'Paula'),(1,'Maria',39,213930,0,'Paula'),(1,'Nair',39,213931,0,'Paula'),(1,'Paula',39,213932,0,'Paula'),(1,'Angelina',40,213933,0,'Angelina'),(1,'Carlos',40,213934,0,'Angelina'),(1,'Catarina',40,213935,0,'Angelina'),(1,'Idilio',40,213936,0,'Angelina'),(1,'Maria',40,213937,0,'Angelina'),(1,'Nair',40,213938,0,'Angelina'),(1,'Paula',40,213939,0,'Angelina'),(1,'Angelina',40,213940,0,'Carlos'),(1,'Carlos',40,213941,0,'Carlos'),(1,'Catarina',40,213942,0,'Carlos'),(1,'Idilio',40,213943,0,'Carlos'),(1,'Maria',40,213944,0,'Carlos'),(1,'Nair',40,213945,0,'Carlos'),(1,'Paula',40,213946,0,'Carlos'),(1,'Angelina',40,213947,0,'Catarina'),(1,'Carlos',40,213948,0,'Catarina'),(1,'Catarina',40,213949,0,'Catarina'),(1,'Idilio',40,213950,0,'Catarina'),(1,'Maria',40,213951,0,'Catarina'),(1,'Nair',40,213952,0,'Catarina'),(1,'Paula',40,213953,0,'Catarina'),(1,'Angelina',40,213954,0,'Idilio'),(1,'Carlos',40,213955,0,'Idilio'),(1,'Catarina',40,213956,0,'Idilio'),(1,'Idilio',40,213957,0,'Idilio'),(1,'Maria',40,213958,0,'Idilio'),(1,'Nair',40,213959,0,'Idilio'),(1,'Paula',40,213960,0,'Idilio'),(1,'Angelina',40,213961,0,'Maria'),(1,'Carlos',40,213962,0,'Maria'),(1,'Catarina',40,213963,0,'Maria'),(1,'Idilio',40,213964,0,'Maria'),(1,'Maria',40,213965,0,'Maria'),(1,'Nair',40,213966,0,'Maria'),(1,'Paula',40,213967,0,'Maria'),(1,'Angelina',40,213968,0,'Nair'),(1,'Carlos',40,213969,0,'Nair'),(1,'Catarina',40,213970,0,'Nair'),(1,'Idilio',40,213971,0,'Nair'),(1,'Maria',40,213972,0,'Nair'),(1,'Nair',40,213973,0,'Nair'),(1,'Paula',40,213974,0,'Nair'),(1,'Angelina',40,213975,0,'Paula'),(1,'Carlos',40,213976,0,'Paula'),(1,'Catarina',40,213977,0,'Paula'),(1,'Idilio',40,213978,0,'Paula'),(1,'Maria',40,213979,0,'Paula'),(1,'Nair',40,213980,0,'Paula'),(1,'Paula',40,213981,0,'Paula'),(1,'Angelina',41,213982,0,'Angelina'),(1,'Carlos',41,213983,0,'Angelina'),(1,'Catarina',41,213984,0,'Angelina'),(1,'Idilio',41,213985,0,'Angelina'),(1,'Maria',41,213986,0,'Angelina'),(1,'Nair',41,213987,0,'Angelina'),(1,'Paula',41,213988,0,'Angelina'),(1,'Angelina',41,213989,0,'Carlos'),(1,'Carlos',41,213990,0,'Carlos'),(1,'Catarina',41,213991,0,'Carlos'),(1,'Idilio',41,213992,0,'Carlos'),(1,'Maria',41,213993,0,'Carlos'),(1,'Nair',41,213994,0,'Carlos'),(1,'Paula',41,213995,0,'Carlos'),(1,'Angelina',41,213996,0,'Catarina'),(1,'Carlos',41,213997,0,'Catarina'),(1,'Catarina',41,213998,0,'Catarina'),(1,'Idilio',41,213999,0,'Catarina'),(1,'Maria',41,214000,0,'Catarina'),(1,'Nair',41,214001,0,'Catarina'),(1,'Paula',41,214002,0,'Catarina'),(1,'Angelina',41,214003,0,'Idilio'),(1,'Carlos',41,214004,0,'Idilio'),(1,'Catarina',41,214005,0,'Idilio'),(1,'Idilio',41,214006,0,'Idilio'),(1,'Maria',41,214007,0,'Idilio'),(1,'Nair',41,214008,0,'Idilio'),(1,'Paula',41,214009,0,'Idilio'),(1,'Angelina',41,214010,0,'Maria'),(1,'Carlos',41,214011,0,'Maria'),(1,'Catarina',41,214012,0,'Maria'),(1,'Idilio',41,214013,0,'Maria'),(1,'Maria',41,214014,0,'Maria'),(1,'Nair',41,214015,0,'Maria'),(1,'Paula',41,214016,0,'Maria'),(1,'Angelina',41,214017,0,'Nair'),(1,'Carlos',41,214018,0,'Nair'),(1,'Catarina',41,214019,0,'Nair'),(1,'Idilio',41,214020,0,'Nair'),(1,'Maria',41,214021,0,'Nair'),(1,'Nair',41,214022,0,'Nair'),(1,'Paula',41,214023,0,'Nair'),(1,'Angelina',41,214024,0,'Paula'),(1,'Carlos',41,214025,0,'Paula'),(1,'Catarina',41,214026,0,'Paula'),(1,'Idilio',41,214027,0,'Paula'),(1,'Maria',41,214028,0,'Paula'),(1,'Nair',41,214029,0,'Paula'),(1,'Paula',41,214030,0,'Paula'),(1,'Angelina',42,214031,0,'Angelina'),(1,'Carlos',42,214032,0,'Angelina'),(1,'Catarina',42,214033,0,'Angelina'),(1,'Idilio',42,214034,0,'Angelina'),(1,'Maria',42,214035,0,'Angelina'),(1,'Nair',42,214036,0,'Angelina'),(1,'Paula',42,214037,0,'Angelina'),(1,'Angelina',42,214038,0,'Carlos'),(1,'Carlos',42,214039,0,'Carlos'),(1,'Catarina',42,214040,0,'Carlos'),(1,'Idilio',42,214041,0,'Carlos'),(1,'Maria',42,214042,0,'Carlos'),(1,'Nair',42,214043,0,'Carlos'),(1,'Paula',42,214044,0,'Carlos'),(1,'Angelina',42,214045,0,'Catarina'),(1,'Carlos',42,214046,0,'Catarina'),(1,'Catarina',42,214047,0,'Catarina'),(1,'Idilio',42,214048,0,'Catarina'),(1,'Maria',42,214049,0,'Catarina'),(1,'Nair',42,214050,0,'Catarina'),(1,'Paula',42,214051,0,'Catarina'),(1,'Angelina',42,214052,0,'Idilio'),(1,'Carlos',42,214053,0,'Idilio'),(1,'Catarina',42,214054,0,'Idilio'),(1,'Idilio',42,214055,0,'Idilio'),(1,'Maria',42,214056,0,'Idilio'),(1,'Nair',42,214057,0,'Idilio'),(1,'Paula',42,214058,0,'Idilio'),(1,'Angelina',42,214059,0,'Maria'),(1,'Carlos',42,214060,0,'Maria'),(1,'Catarina',42,214061,0,'Maria'),(1,'Idilio',42,214062,0,'Maria'),(1,'Maria',42,214063,0,'Maria'),(1,'Nair',42,214064,0,'Maria'),(1,'Paula',42,214065,0,'Maria'),(1,'Angelina',42,214066,0,'Nair'),(1,'Carlos',42,214067,0,'Nair'),(1,'Catarina',42,214068,0,'Nair'),(1,'Idilio',42,214069,0,'Nair'),(1,'Maria',42,214070,0,'Nair'),(1,'Nair',42,214071,0,'Nair'),(1,'Paula',42,214072,0,'Nair'),(1,'Angelina',42,214073,0,'Paula'),(1,'Carlos',42,214074,0,'Paula'),(1,'Catarina',42,214075,0,'Paula'),(1,'Idilio',42,214076,0,'Paula'),(1,'Maria',42,214077,0,'Paula'),(1,'Nair',42,214078,0,'Paula'),(1,'Paula',42,214079,0,'Paula'),(1,'Angelina',43,214080,0,'Angelina'),(1,'Carlos',43,214081,0,'Angelina'),(1,'Catarina',43,214082,0,'Angelina'),(1,'Idilio',43,214083,0,'Angelina'),(1,'Maria',43,214084,0,'Angelina'),(1,'Nair',43,214085,0,'Angelina'),(1,'Paula',43,214086,0,'Angelina'),(1,'Angelina',43,214087,0,'Carlos'),(1,'Carlos',43,214088,0,'Carlos'),(1,'Catarina',43,214089,0,'Carlos'),(1,'Idilio',43,214090,0,'Carlos'),(1,'Maria',43,214091,0,'Carlos'),(1,'Nair',43,214092,0,'Carlos'),(1,'Paula',43,214093,0,'Carlos'),(1,'Angelina',43,214094,0,'Catarina'),(1,'Carlos',43,214095,0,'Catarina'),(1,'Catarina',43,214096,0,'Catarina'),(1,'Idilio',43,214097,0,'Catarina'),(1,'Maria',43,214098,0,'Catarina'),(1,'Nair',43,214099,0,'Catarina'),(1,'Paula',43,214100,0,'Catarina'),(1,'Angelina',43,214101,0,'Idilio'),(1,'Carlos',43,214102,0,'Idilio'),(1,'Catarina',43,214103,0,'Idilio'),(1,'Idilio',43,214104,0,'Idilio'),(1,'Maria',43,214105,0,'Idilio'),(1,'Nair',43,214106,0,'Idilio'),(1,'Paula',43,214107,0,'Idilio'),(1,'Angelina',43,214108,0,'Maria'),(1,'Carlos',43,214109,0,'Maria'),(1,'Catarina',43,214110,0,'Maria'),(1,'Idilio',43,214111,0,'Maria'),(1,'Maria',43,214112,0,'Maria'),(1,'Nair',43,214113,0,'Maria'),(1,'Paula',43,214114,0,'Maria'),(1,'Angelina',43,214115,0,'Nair'),(1,'Carlos',43,214116,0,'Nair'),(1,'Catarina',43,214117,0,'Nair'),(1,'Idilio',43,214118,0,'Nair'),(1,'Maria',43,214119,0,'Nair'),(1,'Nair',43,214120,0,'Nair'),(1,'Paula',43,214121,0,'Nair'),(1,'Angelina',43,214122,0,'Paula'),(1,'Carlos',43,214123,0,'Paula'),(1,'Catarina',43,214124,0,'Paula'),(1,'Idilio',43,214125,0,'Paula'),(1,'Maria',43,214126,0,'Paula'),(1,'Nair',43,214127,0,'Paula'),(1,'Paula',43,214128,0,'Paula'),(1,'Angelina',44,214129,0,'Angelina'),(1,'Carlos',44,214130,0,'Angelina'),(1,'Catarina',44,214131,0,'Angelina'),(1,'Idilio',44,214132,0,'Angelina'),(1,'Maria',44,214133,0,'Angelina'),(1,'Nair',44,214134,0,'Angelina'),(1,'Paula',44,214135,0,'Angelina'),(1,'Angelina',44,214136,0,'Carlos'),(1,'Carlos',44,214137,0,'Carlos'),(1,'Catarina',44,214138,0,'Carlos'),(1,'Idilio',44,214139,0,'Carlos'),(1,'Maria',44,214140,0,'Carlos'),(1,'Nair',44,214141,0,'Carlos'),(1,'Paula',44,214142,0,'Carlos'),(1,'Angelina',44,214143,0,'Catarina'),(1,'Carlos',44,214144,0,'Catarina'),(1,'Catarina',44,214145,0,'Catarina'),(1,'Idilio',44,214146,0,'Catarina'),(1,'Maria',44,214147,0,'Catarina'),(1,'Nair',44,214148,0,'Catarina'),(1,'Paula',44,214149,0,'Catarina'),(1,'Angelina',44,214150,0,'Idilio'),(1,'Carlos',44,214151,0,'Idilio'),(1,'Catarina',44,214152,0,'Idilio'),(1,'Idilio',44,214153,0,'Idilio'),(1,'Maria',44,214154,0,'Idilio'),(1,'Nair',44,214155,0,'Idilio'),(1,'Paula',44,214156,0,'Idilio'),(1,'Angelina',44,214157,0,'Maria'),(1,'Carlos',44,214158,0,'Maria'),(1,'Catarina',44,214159,0,'Maria'),(1,'Idilio',44,214160,0,'Maria'),(1,'Maria',44,214161,0,'Maria'),(1,'Nair',44,214162,0,'Maria'),(1,'Paula',44,214163,0,'Maria'),(1,'Angelina',44,214164,0,'Nair'),(1,'Carlos',44,214165,0,'Nair'),(1,'Catarina',44,214166,0,'Nair'),(1,'Idilio',44,214167,0,'Nair'),(1,'Maria',44,214168,0,'Nair'),(1,'Nair',44,214169,0,'Nair'),(1,'Paula',44,214170,0,'Nair'),(1,'Angelina',44,214171,0,'Paula'),(1,'Carlos',44,214172,0,'Paula'),(1,'Catarina',44,214173,0,'Paula'),(1,'Idilio',44,214174,0,'Paula'),(1,'Maria',44,214175,0,'Paula'),(1,'Nair',44,214176,0,'Paula'),(1,'Paula',44,214177,0,'Paula'),(1,'Diego',2,216215,0,'Diego'),(1,'Maciel',2,216216,0,'Diego'),(1,'Diego',2,216217,0,'Maciel'),(1,'Maciel',2,216218,0,'Maciel'),(1,'Diego',3,216219,0,'Diego'),(1,'Maciel',3,216220,0,'Diego'),(1,'Diego',3,216221,0,'Maciel'),(1,'Maciel',3,216222,0,'Maciel'),(1,'Diego',4,216223,0,'Diego'),(1,'Maciel',4,216224,0,'Diego'),(1,'Diego',4,216225,0,'Maciel'),(1,'Maciel',4,216226,0,'Maciel'),(1,'Diego',5,216227,0,'Diego'),(1,'Maciel',5,216228,0,'Diego'),(1,'Diego',5,216229,0,'Maciel'),(1,'Maciel',5,216230,0,'Maciel'),(1,'Diego',6,216231,0,'Diego'),(1,'Maciel',6,216232,0,'Diego'),(1,'Diego',6,216233,0,'Maciel'),(1,'Maciel',6,216234,0,'Maciel'),(1,'Diego',7,216235,0,'Diego'),(1,'Maciel',7,216236,0,'Diego'),(1,'Diego',7,216237,0,'Maciel'),(1,'Maciel',7,216238,0,'Maciel'),(1,'Diego',8,216239,0,'Diego'),(1,'Maciel',8,216240,0,'Diego'),(1,'Diego',8,216241,0,'Maciel'),(1,'Maciel',8,216242,0,'Maciel'),(1,'Diego',9,216243,0,'Diego'),(1,'Maciel',9,216244,0,'Diego'),(1,'Diego',9,216245,0,'Maciel'),(1,'Maciel',9,216246,0,'Maciel'),(1,'Diego',10,216247,0,'Diego'),(1,'Maciel',10,216248,0,'Diego'),(1,'Diego',10,216249,0,'Maciel'),(1,'Maciel',10,216250,0,'Maciel'),(1,'Diego',11,216251,0,'Diego'),(1,'Maciel',11,216252,0,'Diego'),(1,'Diego',11,216253,0,'Maciel'),(1,'Maciel',11,216254,0,'Maciel'),(1,'Diego',12,216255,0,'Diego'),(1,'Maciel',12,216256,0,'Diego'),(1,'Diego',12,216257,0,'Maciel'),(1,'Maciel',12,216258,0,'Maciel'),(1,'Diego',13,216259,0,'Diego'),(1,'Maciel',13,216260,0,'Diego'),(1,'Diego',13,216261,0,'Maciel'),(1,'Maciel',13,216262,0,'Maciel'),(1,'Diego',14,216263,0,'Diego'),(1,'Maciel',14,216264,0,'Diego'),(1,'Diego',14,216265,0,'Maciel'),(1,'Maciel',14,216266,0,'Maciel'),(1,'Diego',15,216267,0,'Diego'),(1,'Maciel',15,216268,0,'Diego'),(1,'Diego',15,216269,0,'Maciel'),(1,'Maciel',15,216270,0,'Maciel'),(1,'Diego',16,216271,0,'Diego'),(1,'Maciel',16,216272,0,'Diego'),(1,'Diego',16,216273,0,'Maciel'),(1,'Maciel',16,216274,0,'Maciel'),(1,'Diego',17,216275,0,'Diego'),(1,'Maciel',17,216276,0,'Diego'),(1,'Diego',17,216277,0,'Maciel'),(1,'Maciel',17,216278,0,'Maciel'),(1,'Diego',18,216279,0,'Diego'),(1,'Maciel',18,216280,0,'Diego'),(1,'Diego',18,216281,0,'Maciel'),(1,'Maciel',18,216282,0,'Maciel'),(1,'Diego',19,216283,0,'Diego'),(1,'Maciel',19,216284,0,'Diego'),(1,'Diego',19,216285,0,'Maciel'),(1,'Maciel',19,216286,0,'Maciel'),(1,'Diego',20,216287,0,'Diego'),(1,'Maciel',20,216288,0,'Diego'),(1,'Diego',20,216289,0,'Maciel'),(1,'Maciel',20,216290,0,'Maciel'),(1,'Diego',21,216291,0,'Diego'),(1,'Maciel',21,216292,0,'Diego'),(1,'Diego',21,216293,0,'Maciel'),(1,'Maciel',21,216294,0,'Maciel'),(1,'Diego',22,216295,0,'Diego'),(1,'Maciel',22,216296,0,'Diego'),(1,'Diego',22,216297,0,'Maciel'),(1,'Maciel',22,216298,0,'Maciel'),(1,'Diego',23,216299,0,'Diego'),(1,'Maciel',23,216300,0,'Diego'),(1,'Diego',23,216301,0,'Maciel'),(1,'Maciel',23,216302,0,'Maciel'),(1,'Diego',24,216303,0,'Diego'),(1,'Maciel',24,216304,0,'Diego'),(1,'Diego',24,216305,0,'Maciel'),(1,'Maciel',24,216306,0,'Maciel'),(1,'Diego',25,216307,0,'Diego'),(1,'Maciel',25,216308,0,'Diego'),(1,'Diego',25,216309,0,'Maciel'),(1,'Maciel',25,216310,0,'Maciel'),(1,'Diego',26,216311,0,'Diego'),(1,'Maciel',26,216312,0,'Diego'),(1,'Diego',26,216313,0,'Maciel'),(1,'Maciel',26,216314,0,'Maciel'),(1,'Diego',27,216315,0,'Diego'),(1,'Maciel',27,216316,0,'Diego'),(1,'Diego',27,216317,0,'Maciel'),(1,'Maciel',27,216318,0,'Maciel'),(1,'Diego',28,216319,0,'Diego'),(1,'Maciel',28,216320,0,'Diego'),(1,'Diego',28,216321,0,'Maciel'),(1,'Maciel',28,216322,0,'Maciel'),(1,'Diego',29,216323,0,'Diego'),(1,'Maciel',29,216324,0,'Diego'),(1,'Diego',29,216325,0,'Maciel'),(1,'Maciel',29,216326,0,'Maciel'),(1,'Diego',30,216327,0,'Diego'),(1,'Maciel',30,216328,0,'Diego'),(1,'Diego',30,216329,0,'Maciel'),(1,'Maciel',30,216330,0,'Maciel'),(1,'Diego',31,216331,0,'Diego'),(1,'Maciel',31,216332,0,'Diego'),(1,'Diego',31,216333,0,'Maciel'),(1,'Maciel',31,216334,0,'Maciel'),(1,'Diego',32,216335,0,'Diego'),(1,'Maciel',32,216336,0,'Diego'),(1,'Diego',32,216337,0,'Maciel'),(1,'Maciel',32,216338,0,'Maciel'),(1,'Diego',33,216339,0,'Diego'),(1,'Maciel',33,216340,0,'Diego'),(1,'Diego',33,216341,0,'Maciel'),(1,'Maciel',33,216342,0,'Maciel'),(1,'Diego',35,216343,0,'Diego'),(1,'Maciel',35,216344,0,'Diego'),(1,'Diego',35,216345,0,'Maciel'),(1,'Maciel',35,216346,0,'Maciel'),(1,'Diego',36,216347,0,'Diego'),(1,'Maciel',36,216348,0,'Diego'),(1,'Diego',36,216349,0,'Maciel'),(1,'Maciel',36,216350,0,'Maciel'),(1,'Diego',37,216351,0,'Diego'),(1,'Maciel',37,216352,0,'Diego'),(1,'Diego',37,216353,0,'Maciel'),(1,'Maciel',37,216354,0,'Maciel'),(1,'Diego',38,216355,0,'Diego'),(1,'Maciel',38,216356,0,'Diego'),(1,'Diego',38,216357,0,'Maciel'),(1,'Maciel',38,216358,0,'Maciel'),(1,'Diego',39,216359,0,'Diego'),(1,'Maciel',39,216360,0,'Diego'),(1,'Diego',39,216361,0,'Maciel'),(1,'Maciel',39,216362,0,'Maciel'),(1,'Diego',40,216363,0,'Diego'),(1,'Maciel',40,216364,0,'Diego'),(1,'Diego',40,216365,0,'Maciel'),(1,'Maciel',40,216366,0,'Maciel'),(1,'Diego',41,216367,0,'Diego'),(1,'Maciel',41,216368,0,'Diego'),(1,'Diego',41,216369,0,'Maciel'),(1,'Maciel',41,216370,0,'Maciel'),(1,'Diego',42,216371,0,'Diego'),(1,'Maciel',42,216372,0,'Diego'),(1,'Diego',42,216373,0,'Maciel'),(1,'Maciel',42,216374,0,'Maciel'),(1,'Diego',43,216375,0,'Diego'),(1,'Maciel',43,216376,0,'Diego'),(1,'Diego',43,216377,0,'Maciel'),(1,'Maciel',43,216378,0,'Maciel'),(1,'Diego',44,216379,0,'Diego'),(1,'Maciel',44,216380,0,'Diego'),(1,'Diego',44,216381,0,'Maciel'),(1,'Maciel',44,216382,0,'Maciel'),(1,'Cristiano',2,216470,0,'Cristiano'),(1,'Mauro',2,216471,0,'Cristiano'),(1,'Cristiano',2,216472,0,'Mauro'),(1,'Mauro',2,216473,0,'Mauro'),(1,'Cristiano',3,216474,0,'Cristiano'),(1,'Mauro',3,216475,0,'Cristiano'),(1,'Cristiano',3,216476,0,'Mauro'),(1,'Mauro',3,216477,0,'Mauro'),(1,'Cristiano',4,216478,0,'Cristiano'),(1,'Mauro',4,216479,0,'Cristiano'),(1,'Cristiano',4,216480,0,'Mauro'),(1,'Mauro',4,216481,0,'Mauro'),(1,'Cristiano',5,216482,0,'Cristiano'),(1,'Mauro',5,216483,0,'Cristiano'),(1,'Cristiano',5,216484,0,'Mauro'),(1,'Mauro',5,216485,0,'Mauro'),(1,'Cristiano',6,216486,0,'Cristiano'),(1,'Mauro',6,216487,0,'Cristiano'),(1,'Cristiano',6,216488,0,'Mauro'),(1,'Mauro',6,216489,0,'Mauro'),(1,'Cristiano',7,216490,0,'Cristiano'),(1,'Mauro',7,216491,0,'Cristiano'),(1,'Cristiano',7,216492,0,'Mauro'),(1,'Mauro',7,216493,0,'Mauro'),(1,'Cristiano',8,216494,0,'Cristiano'),(1,'Mauro',8,216495,0,'Cristiano'),(1,'Cristiano',8,216496,0,'Mauro'),(1,'Mauro',8,216497,0,'Mauro'),(1,'Cristiano',9,216498,0,'Cristiano'),(1,'Mauro',9,216499,0,'Cristiano'),(1,'Cristiano',9,216500,0,'Mauro'),(1,'Mauro',9,216501,0,'Mauro'),(1,'Cristiano',10,216502,0,'Cristiano'),(1,'Mauro',10,216503,0,'Cristiano'),(1,'Cristiano',10,216504,0,'Mauro'),(1,'Mauro',10,216505,0,'Mauro'),(1,'Cristiano',11,216506,0,'Cristiano'),(1,'Mauro',11,216507,0,'Cristiano'),(1,'Cristiano',11,216508,0,'Mauro'),(1,'Mauro',11,216509,0,'Mauro'),(1,'Cristiano',12,216510,0,'Cristiano'),(1,'Mauro',12,216511,0,'Cristiano'),(1,'Cristiano',12,216512,0,'Mauro'),(1,'Mauro',12,216513,0,'Mauro'),(1,'Cristiano',13,216514,0,'Cristiano'),(1,'Mauro',13,216515,0,'Cristiano'),(1,'Cristiano',13,216516,0,'Mauro'),(1,'Mauro',13,216517,0,'Mauro'),(1,'Cristiano',14,216518,0,'Cristiano'),(1,'Mauro',14,216519,0,'Cristiano'),(1,'Cristiano',14,216520,0,'Mauro'),(1,'Mauro',14,216521,0,'Mauro'),(1,'Cristiano',15,216522,0,'Cristiano'),(1,'Mauro',15,216523,0,'Cristiano'),(1,'Cristiano',15,216524,0,'Mauro'),(1,'Mauro',15,216525,0,'Mauro'),(1,'Cristiano',16,216526,0,'Cristiano'),(1,'Mauro',16,216527,0,'Cristiano'),(1,'Cristiano',16,216528,0,'Mauro'),(1,'Mauro',16,216529,0,'Mauro'),(1,'Cristiano',17,216530,0,'Cristiano'),(1,'Mauro',17,216531,0,'Cristiano'),(1,'Cristiano',17,216532,0,'Mauro'),(1,'Mauro',17,216533,0,'Mauro'),(1,'Cristiano',18,216534,0,'Cristiano'),(1,'Mauro',18,216535,0,'Cristiano'),(1,'Cristiano',18,216536,0,'Mauro'),(1,'Mauro',18,216537,0,'Mauro'),(1,'Cristiano',19,216538,0,'Cristiano'),(1,'Mauro',19,216539,0,'Cristiano'),(1,'Cristiano',19,216540,0,'Mauro'),(1,'Mauro',19,216541,0,'Mauro'),(1,'Cristiano',20,216542,0,'Cristiano'),(1,'Mauro',20,216543,0,'Cristiano'),(1,'Cristiano',20,216544,0,'Mauro'),(1,'Mauro',20,216545,0,'Mauro'),(1,'Cristiano',21,216546,0,'Cristiano'),(1,'Mauro',21,216547,0,'Cristiano'),(1,'Cristiano',21,216548,0,'Mauro'),(1,'Mauro',21,216549,0,'Mauro'),(1,'Cristiano',22,216550,0,'Cristiano'),(1,'Mauro',22,216551,0,'Cristiano'),(1,'Cristiano',22,216552,0,'Mauro'),(1,'Mauro',22,216553,0,'Mauro'),(1,'Cristiano',23,216554,0,'Cristiano'),(1,'Mauro',23,216555,0,'Cristiano'),(1,'Cristiano',23,216556,0,'Mauro'),(1,'Mauro',23,216557,0,'Mauro'),(1,'Cristiano',24,216558,0,'Cristiano'),(1,'Mauro',24,216559,0,'Cristiano'),(1,'Cristiano',24,216560,0,'Mauro'),(1,'Mauro',24,216561,0,'Mauro'),(1,'Cristiano',25,216562,0,'Cristiano'),(1,'Mauro',25,216563,0,'Cristiano'),(1,'Cristiano',25,216564,0,'Mauro'),(1,'Mauro',25,216565,0,'Mauro'),(1,'Cristiano',26,216566,0,'Cristiano'),(1,'Mauro',26,216567,0,'Cristiano'),(1,'Cristiano',26,216568,0,'Mauro'),(1,'Mauro',26,216569,0,'Mauro'),(1,'Cristiano',27,216570,0,'Cristiano'),(1,'Mauro',27,216571,0,'Cristiano'),(1,'Cristiano',27,216572,0,'Mauro'),(1,'Mauro',27,216573,0,'Mauro'),(1,'Cristiano',28,216574,0,'Cristiano'),(1,'Mauro',28,216575,0,'Cristiano'),(1,'Cristiano',28,216576,0,'Mauro'),(1,'Mauro',28,216577,0,'Mauro'),(1,'Cristiano',29,216578,0,'Cristiano'),(1,'Mauro',29,216579,0,'Cristiano'),(1,'Cristiano',29,216580,0,'Mauro'),(1,'Mauro',29,216581,0,'Mauro'),(1,'Cristiano',30,216582,0,'Cristiano'),(1,'Mauro',30,216583,0,'Cristiano'),(1,'Cristiano',30,216584,0,'Mauro'),(1,'Mauro',30,216585,0,'Mauro'),(1,'Cristiano',31,216586,0,'Cristiano'),(1,'Mauro',31,216587,0,'Cristiano'),(1,'Cristiano',31,216588,0,'Mauro'),(1,'Mauro',31,216589,0,'Mauro'),(1,'Cristiano',32,216590,0,'Cristiano'),(1,'Mauro',32,216591,0,'Cristiano'),(1,'Cristiano',32,216592,0,'Mauro'),(1,'Mauro',32,216593,0,'Mauro'),(1,'Cristiano',33,216594,0,'Cristiano'),(1,'Mauro',33,216595,0,'Cristiano'),(1,'Cristiano',33,216596,0,'Mauro'),(1,'Mauro',33,216597,0,'Mauro'),(1,'Cristiano',35,216598,0,'Cristiano'),(1,'Mauro',35,216599,0,'Cristiano'),(1,'Cristiano',35,216600,0,'Mauro'),(1,'Mauro',35,216601,0,'Mauro'),(1,'Cristiano',36,216602,0,'Cristiano'),(1,'Mauro',36,216603,0,'Cristiano'),(1,'Cristiano',36,216604,0,'Mauro'),(1,'Mauro',36,216605,0,'Mauro'),(1,'Cristiano',37,216606,0,'Cristiano'),(1,'Mauro',37,216607,0,'Cristiano'),(1,'Cristiano',37,216608,0,'Mauro'),(1,'Mauro',37,216609,0,'Mauro'),(1,'Cristiano',38,216610,0,'Cristiano'),(1,'Mauro',38,216611,0,'Cristiano'),(1,'Cristiano',38,216612,0,'Mauro'),(1,'Mauro',38,216613,0,'Mauro'),(1,'Cristiano',39,216614,0,'Cristiano'),(1,'Mauro',39,216615,0,'Cristiano'),(1,'Cristiano',39,216616,0,'Mauro'),(1,'Mauro',39,216617,0,'Mauro'),(1,'Cristiano',40,216618,0,'Cristiano'),(1,'Mauro',40,216619,0,'Cristiano'),(1,'Cristiano',40,216620,0,'Mauro'),(1,'Mauro',40,216621,0,'Mauro'),(1,'Cristiano',41,216622,0,'Cristiano'),(1,'Mauro',41,216623,0,'Cristiano'),(1,'Cristiano',41,216624,0,'Mauro'),(1,'Mauro',41,216625,0,'Mauro'),(1,'Cristiano',42,216626,0,'Cristiano'),(1,'Mauro',42,216627,0,'Cristiano'),(1,'Cristiano',42,216628,0,'Mauro'),(1,'Mauro',42,216629,0,'Mauro'),(1,'Cristiano',43,216630,0,'Cristiano'),(1,'Mauro',43,216631,0,'Cristiano'),(1,'Cristiano',43,216632,0,'Mauro'),(1,'Mauro',43,216633,0,'Mauro'),(1,'Cristiano',44,216634,0,'Cristiano'),(1,'Mauro',44,216635,0,'Cristiano'),(1,'Cristiano',44,216636,0,'Mauro'),(1,'Mauro',44,216637,0,'Mauro');
/*!40000 ALTER TABLE `tab_enquete_item` ENABLE KEYS */;
UNLOCK TABLES;

--
-- Table structure for table `tab_enquete_result`
--

DROP TABLE IF EXISTS `tab_enquete_result`;
/*!40101 SET @saved_cs_client     = @@character_set_client */;
/*!40101 SET character_set_client = utf8 */;
CREATE TABLE `tab_enquete_result` (
  `id` int(11) NOT NULL AUTO_INCREMENT,
  `enquete_id` int(11) NOT NULL,
  `pergunta` int(11) NOT NULL,
  `resposta` int(11) DEFAULT NULL,
  PRIMARY KEY (`id`)
) ENGINE=InnoDB DEFAULT CHARSET=utf8;
/*!40101 SET character_set_client = @saved_cs_client */;

--
-- Dumping data for table `tab_enquete_result`
--

LOCK TABLES `tab_enquete_result` WRITE;
/*!40000 ALTER TABLE `tab_enquete_result` DISABLE KEYS */;
/*!40000 ALTER TABLE `tab_enquete_result` ENABLE KEYS */;
UNLOCK TABLES;

--
-- Table structure for table `tab_expertise`
--

DROP TABLE IF EXISTS `tab_expertise`;
/*!40101 SET @saved_cs_client     = @@character_set_client */;
/*!40101 SET character_set_client = utf8 */;
CREATE TABLE `tab_expertise` (
  `id` int(11) DEFAULT NULL,
  `nome` varchar(100) DEFAULT NULL,
  `descricao` varchar(200) DEFAULT NULL
) ENGINE=InnoDB DEFAULT CHARSET=utf8;
/*!40101 SET character_set_client = @saved_cs_client */;

--
-- Dumping data for table `tab_expertise`
--

LOCK TABLES `tab_expertise` WRITE;
/*!40000 ALTER TABLE `tab_expertise` DISABLE KEYS */;
INSERT INTO `tab_expertise` VALUES (1,'Novato',NULL),(2,'Aprendiz',NULL),(3,'Praticante',NULL),(4,'Profissional',NULL),(5,'Professor',NULL),(6,'Líder',NULL),(7,'Mestre',NULL),(0,'N/A',NULL),(8,'Não Sei','Não tenho conecimentos para fazer tal avaliação');
/*!40000 ALTER TABLE `tab_expertise` ENABLE KEYS */;
UNLOCK TABLES;

--
-- Table structure for table `tab_pergunta`
--

DROP TABLE IF EXISTS `tab_pergunta`;
/*!40101 SET @saved_cs_client     = @@character_set_client */;
/*!40101 SET character_set_client = utf8 */;
CREATE TABLE `tab_pergunta` (
  `id` int(11) NOT NULL AUTO_INCREMENT,
  `nome` varchar(100) NOT NULL,
  PRIMARY KEY (`id`)
) ENGINE=InnoDB AUTO_INCREMENT=45 DEFAULT CHARSET=utf8;
/*!40101 SET character_set_client = @saved_cs_client */;

--
-- Dumping data for table `tab_pergunta`
--

LOCK TABLES `tab_pergunta` WRITE;
/*!40000 ALTER TABLE `tab_pergunta` DISABLE KEYS */;
INSERT INTO `tab_pergunta` VALUES (2,'Areas'),(3,'Ativo'),(4,'Aprovação'),(5,'Cargas'),(6,'Cheques'),(7,'Configurações'),(8,'Contrato de Trabalho'),(9,'Orçamento'),(10,'Importação'),(11,'Exportação'),(12,'Grãos'),(13,'Adicionais'),(14,'Pedidos'),(15,'Envase e Moagem'),(16,'Notas de Débito e Crédito'),(17,'Retenção de Impostos'),(18,'Folha de Pagamento'),(19,'Contrato de Grãos'),(20,'Cheques'),(21,'Transferência de Numerário'),(22,'Títulos'),(23,'Receitas e Despesas'),(24,'Conta Corrente'),(25,'Revaluo'),(26,'Depreciação'),(27,'Programação de Caixa'),(28,'Frete'),(29,'Garantias'),(30,'Limite de Crédito'),(31,'Logística (Pedidos)'),(32,'Financiamento'),(33,'Frete'),(35,'Oficina'),(36,'PDV'),(37,'Empréstimo'),(38,'Tabela de Preço'),(39,'Lotes de Produtos'),(40,'Número de Série'),(41,'Sementes'),(42,'Tabaco'),(43,'Produção Web'),(44,'BI Designer');
/*!40000 ALTER TABLE `tab_pergunta` ENABLE KEYS */;
UNLOCK TABLES;

--
-- Table structure for table `task_list`
--

DROP TABLE IF EXISTS `task_list`;
/*!40101 SET @saved_cs_client     = @@character_set_client */;
/*!40101 SET character_set_client = utf8 */;
CREATE TABLE `task_list` (
  `task_id` int(11) NOT NULL AUTO_INCREMENT,
  `task_name` varchar(100) NOT NULL,
  `task_description` text,
  `task_priority` varchar(20) DEFAULT NULL,
  `task_status` varchar(20) DEFAULT NULL,
  `task_start_time` datetime NOT NULL,
  `task_end_time` datetime NOT NULL,
  `task_archived` tinyint(1) DEFAULT '0',
  PRIMARY KEY (`task_id`)
) ENGINE=InnoDB AUTO_INCREMENT=2 DEFAULT CHARSET=utf8;
/*!40101 SET character_set_client = @saved_cs_client */;

--
-- Dumping data for table `task_list`
--

LOCK TABLES `task_list` WRITE;
/*!40000 ALTER TABLE `task_list` DISABLE KEYS */;
INSERT INTO `task_list` VALUES (1,'Gathering Requirement','Requirement Gathering','MEDIUM','ACTIVE','2015-05-10 14:10:29','2015-05-10 17:10:29',0);
/*!40000 ALTER TABLE `task_list` ENABLE KEYS */;
UNLOCK TABLES;

--
-- Table structure for table `x`
--

DROP TABLE IF EXISTS `x`;
/*!40101 SET @saved_cs_client     = @@character_set_client */;
/*!40101 SET character_set_client = utf8 */;
CREATE TABLE `x` (
  `name` varchar(10) DEFAULT NULL,
  `avatar` varchar(10) DEFAULT NULL,
  `content` varchar(10) DEFAULT NULL
) ENGINE=InnoDB DEFAULT CHARSET=utf8;
/*!40101 SET character_set_client = @saved_cs_client */;

--
-- Dumping data for table `x`
--

LOCK TABLES `x` WRITE;
/*!40000 ALTER TABLE `x` DISABLE KEYS */;
INSERT INTO `x` VALUES ('Lyndon','Avatar','teste');
/*!40000 ALTER TABLE `x` ENABLE KEYS */;
UNLOCK TABLES;

--
-- Dumping routines for database 'enquete_dev'
--
/*!50003 DROP PROCEDURE IF EXISTS `iniciar_form` */;
/*!50003 SET @saved_cs_client      = @@character_set_client */ ;
/*!50003 SET @saved_cs_results     = @@character_set_results */ ;
/*!50003 SET @saved_col_connection = @@collation_connection */ ;
/*!50003 SET character_set_client  = utf8 */ ;
/*!50003 SET character_set_results = utf8 */ ;
/*!50003 SET collation_connection  = utf8_general_ci */ ;
/*!50003 SET @saved_sql_mode       = @@sql_mode */ ;
/*!50003 SET sql_mode              = 'STRICT_TRANS_TABLES,NO_AUTO_CREATE_USER,NO_ENGINE_SUBSTITUTION' */ ;
DELIMITER ;;
CREATE DEFINER=`root`@`localhost` PROCEDURE `iniciar_form`( in i_nome varchar(100)  )
BEGIN

 
 DECLARE v_id INTEGER ;
 
 DECLARE v_existe BOOLEAN DEFAULT 0;
 
 DECLARE done BOOLEAN DEFAULT 0;

 DEClARE modulo_cursor CURSOR FOR 
 
 SELECT id FROM tab_pergunta;
 
 
 DECLARE CONTINUE HANDLER FOR SQLSTATE '02000' SET DONE=1;

 OPEN modulo_cursor;

 START TRANSACTION;

 
 DELETE FROM tab_enquete_item where nome like i_nome;
 
 
 REPEAT

      FETCH modulo_cursor INTO V_ID;

      INSERT INTO TAB_ENQUETE_ITEM ( ENQUETE_ID, NOME, PERGUNTA, RESPOSTA ) VALUES ( 1, I_NOME, V_ID, 0 );
  
 UNTIL DONE END REPEAT;

 COMMIT;
 
 CLOSE modulo_cursor;

END ;;
DELIMITER ;
/*!50003 SET sql_mode              = @saved_sql_mode */ ;
/*!50003 SET character_set_client  = @saved_cs_client */ ;
/*!50003 SET character_set_results = @saved_cs_results */ ;
/*!50003 SET collation_connection  = @saved_col_connection */ ;
/*!50003 DROP PROCEDURE IF EXISTS `iniciar_forms` */;
/*!50003 SET @saved_cs_client      = @@character_set_client */ ;
/*!50003 SET @saved_cs_results     = @@character_set_results */ ;
/*!50003 SET @saved_col_connection = @@collation_connection */ ;
/*!50003 SET character_set_client  = utf8 */ ;
/*!50003 SET character_set_results = utf8 */ ;
/*!50003 SET collation_connection  = utf8_general_ci */ ;
/*!50003 SET @saved_sql_mode       = @@sql_mode */ ;
/*!50003 SET sql_mode              = 'STRICT_TRANS_TABLES,NO_AUTO_CREATE_USER,NO_ENGINE_SUBSTITUTION' */ ;
DELIMITER ;;
CREATE DEFINER=`root`@`localhost` PROCEDURE `iniciar_forms`( in i_nome varchar(100)  )
BEGIN

start transaction;



insert into tab_enquete_item 

( enquete_id, nome, pergunta, resposta, avaliado ) 

select 

 1 , d.nome , m.id , 0, a.nome from tab_desenv d cross join tab_pergunta m cross join tab_desenv a where a.time = i_nome and d.time = i_nome;

 COMMIT;

END ;;
DELIMITER ;
/*!50003 SET sql_mode              = @saved_sql_mode */ ;
/*!50003 SET character_set_client  = @saved_cs_client */ ;
/*!50003 SET character_set_results = @saved_cs_results */ ;
/*!50003 SET collation_connection  = @saved_col_connection */ ;
/*!50003 DROP PROCEDURE IF EXISTS `iniciar_form_all` */;
/*!50003 SET @saved_cs_client      = @@character_set_client */ ;
/*!50003 SET @saved_cs_results     = @@character_set_results */ ;
/*!50003 SET @saved_col_connection = @@collation_connection */ ;
/*!50003 SET character_set_client  = utf8 */ ;
/*!50003 SET character_set_results = utf8 */ ;
/*!50003 SET collation_connection  = utf8_general_ci */ ;
/*!50003 SET @saved_sql_mode       = @@sql_mode */ ;
/*!50003 SET sql_mode              = 'STRICT_TRANS_TABLES,NO_AUTO_CREATE_USER,NO_ENGINE_SUBSTITUTION' */ ;
DELIMITER ;;
CREATE DEFINER=`root`@`localhost` PROCEDURE `iniciar_form_all`()
BEGIN

 
 DECLARE v_nome VARCHAR(100) ;
 
 DECLARE done BOOLEAN DEFAULT 0;

 DEClARE desenv_cursor CURSOR FOR 
 
 SELECT nome FROM tab_desenv;
 
 
 DECLARE CONTINUE HANDLER FOR SQLSTATE '02000' SET DONE=1;

 OPEN desenv_cursor;

 
 REPEAT

      FETCH desenv_cursor INTO v_nome;

      CALL INICIAR_FORM( v_nome );
  
 UNTIL DONE END REPEAT;

 
 CLOSE desenv_cursor;

END ;;
DELIMITER ;
/*!50003 SET sql_mode              = @saved_sql_mode */ ;
/*!50003 SET character_set_client  = @saved_cs_client */ ;
/*!50003 SET character_set_results = @saved_cs_results */ ;
/*!50003 SET collation_connection  = @saved_col_connection */ ;
/*!50003 DROP PROCEDURE IF EXISTS `iniciar_script` */;
/*!50003 SET @saved_cs_client      = @@character_set_client */ ;
/*!50003 SET @saved_cs_results     = @@character_set_results */ ;
/*!50003 SET @saved_col_connection = @@collation_connection */ ;
/*!50003 SET character_set_client  = utf8 */ ;
/*!50003 SET character_set_results = utf8 */ ;
/*!50003 SET collation_connection  = utf8_general_ci */ ;
/*!50003 SET @saved_sql_mode       = @@sql_mode */ ;
/*!50003 SET sql_mode              = 'STRICT_TRANS_TABLES,NO_AUTO_CREATE_USER,NO_ENGINE_SUBSTITUTION' */ ;
DELIMITER ;;
CREATE DEFINER=`root`@`localhost` PROCEDURE `iniciar_script`()
BEGIN

delete from tab_enquete_item;
call iniciar_forms('Machado');
call iniciar_forms('Roberto');
call iniciar_forms('Fernando');
call iniciar_forms('Produto');
call iniciar_forms('Dba');
call iniciar_forms('Gerência');

END ;;
DELIMITER ;
/*!50003 SET sql_mode              = @saved_sql_mode */ ;
/*!50003 SET character_set_client  = @saved_cs_client */ ;
/*!50003 SET character_set_results = @saved_cs_results */ ;
/*!50003 SET collation_connection  = @saved_col_connection */ ;
/*!40103 SET TIME_ZONE=@OLD_TIME_ZONE */;

/*!40101 SET SQL_MODE=@OLD_SQL_MODE */;
/*!40014 SET FOREIGN_KEY_CHECKS=@OLD_FOREIGN_KEY_CHECKS */;
/*!40014 SET UNIQUE_CHECKS=@OLD_UNIQUE_CHECKS */;
/*!40101 SET CHARACTER_SET_CLIENT=@OLD_CHARACTER_SET_CLIENT */;
/*!40101 SET CHARACTER_SET_RESULTS=@OLD_CHARACTER_SET_RESULTS */;
/*!40101 SET COLLATION_CONNECTION=@OLD_COLLATION_CONNECTION */;
/*!40111 SET SQL_NOTES=@OLD_SQL_NOTES */;

-- Dump completed on 2015-05-11 22:35:23
